symbol,year_id,fiscal_year,year_label,operating_activity,investing_activity,financing_activity,net_cash_flow,free_cash_flow,cash_conversion_ratio
ABB,4,2012,Dec 2012,101.0,-59.0,-42.0,1.0,42.0,0.696551724137931
ABB,8,2014,Mar 2014,0.0,0.0,0.0,0.0,0.0,0.0
ABB,12,2015,Mar 2015,-35.0,-1864.0,1902.0,3.0,-1899.0,-0.15283842794759825
ABB,16,2016,Mar 2016,1544.0,-816.0,-722.0,6.0,728.0,6.0549019607843135
ABB,19,2017,Mar 2017,2189.0,-1730.0,-455.0,4.0,459.0,7.902527075812275
ABB,22,2018,Mar 2018,2198.0,-3192.0,1589.0,596.0,-994.0,5.4812967581047385
ABB,25,2019,Mar 2019,2591.0,-3050.0,38.0,-421.0,-459.0,5.757777777777778
ABB,28,2020,Mar 2020,5437.0,-5643.0,1250.0,1045.0,-206.0,9.168634064080944
ABB,31,2021,Mar 2021,3784.0,-4009.0,-745.0,-969.0,-225.0,5.476121562952243
ABB,34,2022,Mar 2022,4097.0,-3936.0,-235.0,-75.0,161.0,5.127659574468085
ABB,37,2023,Mar 2023,3777.0,-4699.0,923.0,2.0,-922.0,3.9799789251844047
ABB,40,2024,Mar 2024,6038.0,-4943.0,-543.0,551.0,1095.0,5.027477102414655
ADANIENSOL,8,2014,Mar 2014,0.0,0.0,0.0,0.0,0.0,
ADANIENSOL,12,2015,Mar 2015,-35.0,-1864.0,1902.0,3.0,-1899.0,5.0
ADANIENSOL,16,2016,Mar 2016,1544.0,-816.0,-722.0,6.0,728.0,4.195652173913044
ADANIENSOL,19,2017,Mar 2017,2189.0,-1730.0,-455.0,4.0,459.0,5.262019230769231
ADANIENSOL,22,2018,Mar 2018,2198.0,-3192.0,1589.0,596.0,-994.0,1.9230096237970253
ADANIENSOL,25,2019,Mar 2019,2591.0,-3050.0,38.0,-421.0,-459.0,4.635062611806798
ADANIENSOL,28,2020,Mar 2020,5437.0,-5643.0,1250.0,1045.0,-206.0,7.701133144475921
ADANIENSOL,31,2021,Mar 2021,3784.0,-4009.0,-745.0,-969.0,-225.0,2.933333333333333
ADANIENSOL,34,2022,Mar 2022,4097.0,-3936.0,-235.0,-75.0,161.0,3.3147249190938513
ADANIENSOL,37,2023,Mar 2023,3777.0,-4699.0,923.0,2.0,-922.0,2.9484777517564402
ADANIENSOL,40,2024,Mar 2024,6038.0,-4943.0,-543.0,551.0,1095.0,5.048494983277592
ADANIENT,5,2013,Mar 2013,7666.0,-14790.0,7199.0,75.0,-7124.0,6.293924466338259
ADANIENT,8,2014,Mar 2014,8228.0,-8007.0,-1109.0,-888.0,221.0,3.109599395313681
ADANIENT,12,2015,Mar 2015,8532.0,-11465.0,3445.0,512.0,-2933.0,3.7127937336814623
ADANIENT,16,2016,Mar 2016,5112.0,-1825.0,-3448.0,-161.0,3287.0,5.112
ADANIENT,19,2017,Mar 2017,774.0,-1460.0,716.0,30.0,-686.0,0.8367567567567568
ADANIENT,22,2018,Mar 2018,2942.0,-7649.0,5120.0,413.0,-4707.0,4.952861952861953
ADANIENT,25,2019,Mar 2019,3236.0,2487.0,-6158.0,-436.0,5723.0,6.395256916996048
ADANIENT,28,2020,Mar 2020,2454.0,-1082.0,-221.0,1151.0,1372.0,2.3596153846153847
ADANIENT,31,2021,Mar 2021,4043.0,-8611.0,3109.0,-1459.0,-4568.0,3.8652007648183555
ADANIENT,34,2022,Mar 2022,1385.0,-17041.0,15901.0,246.0,-15656.0,1.7576142131979695
ADANIENT,37,2023,Mar 2023,17626.0,-15459.0,-1198.0,970.0,2167.0,7.277456647398844
ADANIENT,40,2024,Mar 2024,10312.0,-18767.0,8879.0,424.0,-8455.0,3.0920539730134933
ADANIGREEN,19,2017,Mar 2017,28.0,-1511.0,1559.0,76.0,-1483.0,-0.5957446808510638
ADANIGREEN,22,2018,Mar 2018,649.0,-4428.0,3942.0,162.0,-3779.0,-4.702898550724638
ADANIGREEN,25,2019,Mar 2019,1625.0,-2666.0,1045.0,3.0,-1041.0,-3.4210526315789473
ADANIGREEN,28,2020,Mar 2020,1965.0,-3743.0,2161.0,383.0,-1778.0,-28.897058823529413
ADANIGREEN,31,2021,Mar 2021,1601.0,-9137.0,7083.0,-453.0,-7536.0,8.796703296703297
ADANIGREEN,34,2022,Mar 2022,3127.0,-18730.0,15986.0,383.0,-15603.0,6.394683026584867
ADANIGREEN,37,2023,Mar 2023,7265.0,-3857.0,-2973.0,435.0,3408.0,7.466598150051388
ADANIGREEN,40,2024,Mar 2024,7713.0,-21060.0,13953.0,606.0,-13347.0,6.121428571428571
ADANIPORTS,5,2013,Mar 2013,1379.0,-5136.0,4138.0,381.0,-3757.0,0.8413666870042709
ADANIPORTS,8,2014,Mar 2014,1132.0,-2510.0,772.0,-606.0,-1378.0,0.6502010338885698
ADANIPORTS,12,2015,Mar 2015,3057.0,-2485.0,-237.0,335.0,572.0,1.3154044750430292
ADANIPORTS,16,2016,Mar 2016,2381.0,-4153.0,2170.0,398.0,-1772.0,0.8336834733893558
ADANIPORTS,19,2017,Mar 2017,4063.0,-2629.0,-1325.0,109.0,1434.0,1.0412608918503332
ADANIPORTS,22,2018,Mar 2018,5608.0,-3846.0,-1889.0,-127.0,1762.0,1.5197831978319782
ADANIPORTS,25,2019,Mar 2019,6029.0,-4368.0,2313.0,3975.0,1661.0,1.4904820766378244
ADANIPORTS,28,2020,Mar 2020,7402.0,-749.0,-4256.0,2397.0,6653.0,1.9556142668428005
ADANIPORTS,31,2021,Mar 2021,7556.0,-14064.0,3514.0,-2994.0,-6508.0,1.4965339671222024
ADANIPORTS,34,2022,Mar 2022,10420.0,-5493.0,-586.0,4341.0,4927.0,2.103775489602261
ADANIPORTS,37,2023,Mar 2023,11900.0,-16716.0,-2734.0,-7550.0,-4816.0,2.2073826748284175
ADANIPORTS,40,2024,Mar 2024,15018.0,-6768.0,-7800.0,450.0,8250.0,1.8531589338598222
ADANIPOWER,5,2013,Mar 2013,3001.0,-4064.0,861.0,-203.0,-1063.0,-1.3076252723311548
ADANIPOWER,8,2014,Mar 2014,3238.0,-4700.0,1631.0,169.0,-1462.0,-11.127147766323024
ADANIPOWER,12,2015,Mar 2015,5824.0,-4737.0,-1144.0,-58.0,1087.0,-7.137254901960785
ADANIPOWER,16,2016,Mar 2016,5257.0,-2692.0,-2713.0,-148.0,2565.0,9.540834845735027
ADANIPOWER,19,2017,Mar 2017,4725.0,-1212.0,-3539.0,-26.0,3513.0,-0.7653061224489796
ADANIPOWER,22,2018,Mar 2018,5101.0,-520.0,-4600.0,-19.0,4581.0,-2.425582501188778
ADANIPOWER,25,2019,Mar 2019,5610.0,-984.0,-4663.0,-37.0,4626.0,-5.701219512195122
ADANIPOWER,28,2020,Mar 2020,5598.0,-2304.0,-2377.0,917.0,3294.0,-2.4606593406593404
ADANIPOWER,31,2021,Mar 2021,7014.0,-2188.0,-5655.0,-828.0,4826.0,5.522834645669291
ADANIPOWER,34,2022,Mar 2022,10233.0,774.0,-10338.0,669.0,11007.0,2.0832654723127035
ADANIPOWER,37,2023,Mar 2023,8431.0,1545.0,-10408.0,-433.0,9976.0,0.7859606600167801
ADANIPOWER,40,2024,Mar 2024,14170.0,3481.0,-16864.0,787.0,17651.0,0.6803015027125642
AMBUJACEM,4,2012,Dec 2012,1860.0,-388.0,-509.0,962.0,1472.0,1.4396284829721362
AMBUJACEM,7,2013,Dec 2013,1267.0,-496.0,-672.0,99.0,771.0,0.9913928012519562
AMBUJACEM,11,2014,Dec 2014,1675.0,-456.0,-721.0,498.0,1219.0,1.1264290517821116
AMBUJACEM,15,2015,Dec 2015,1557.0,-83.0,-900.0,574.0,1474.0,1.926980198019802
AMBUJACEM,18,2016,Dec 2016,2810.0,-4165.0,-958.0,-2312.0,-1355.0,1.9595536959553697
AMBUJACEM,21,2017,Dec 2017,3416.0,-738.0,-1015.0,1663.0,2678.0,1.7562982005141388
AMBUJACEM,24,2018,Dec 2018,1703.0,-765.0,-719.0,220.0,938.0,0.5728220652539522
AMBUJACEM,27,2019,Dec 2019,4739.0,-1191.0,-629.0,2919.0,3548.0,1.7028386633129715
AMBUJACEM,30,2020,Dec 2020,4832.0,-1317.0,-3956.0,-441.0,3515.0,1.5551979401351785
AMBUJACEM,33,2021,Dec 2021,5309.0,-2007.0,-516.0,2786.0,3302.0,1.4306116949609269
AMBUJACEM,37,2023,Mar 2023,735.0,-14481.0,2931.0,-10815.0,-13746.0,0.24305555555555555
AMBUJACEM,40,2024,Mar 2024,5646.0,-8941.0,5689.0,2394.0,-3295.0,1.1916420430561419
APOLLOHOSP,5,2013,Mar 2013,443.0,-733.0,373.0,83.0,-290.0,1.462046204620462
APOLLOHOSP,8,2014,Mar 2014,373.0,-356.0,-63.0,-46.0,17.0,1.1841269841269841
APOLLOHOSP,12,2015,Mar 2015,470.0,-759.0,392.0,103.0,-289.0,1.4029850746268657
APOLLOHOSP,16,2016,Mar 2016,597.0,-888.0,330.0,39.0,-291.0,2.5404255319148934
APOLLOHOSP,19,2017,Mar 2017,623.0,-1152.0,477.0,-52.0,-529.0,4.755725190839694
APOLLOHOSP,22,2018,Mar 2018,537.0,-405.0,-108.0,24.0,132.0,8.95
APOLLOHOSP,25,2019,Mar 2019,905.0,-711.0,-215.0,-20.0,194.0,4.525
APOLLOHOSP,28,2020,Mar 2020,1293.0,-289.0,-910.0,94.0,1004.0,2.9930555555555554
APOLLOHOSP,31,2021,Mar 2021,1265.0,-880.0,-340.0,44.0,385.0,9.233576642335766
APOLLOHOSP,34,2022,Mar 2022,1696.0,-747.0,-792.0,158.0,949.0,1.5306859205776173
APOLLOHOSP,37,2023,Mar 2023,1377.0,-857.0,-633.0,-113.0,520.0,1.6315165876777251
APOLLOHOSP,40,2024,Mar 2024,1920.0,-1537.0,-311.0,72.0,383.0,2.053475935828877
ASIANPAINT,5,2013,Mar 2013,1187.0,-463.0,-601.0,123.0,724.0,1.0232758620689655
ASIANPAINT,8,2014,Mar 2014,1402.0,-586.0,-626.0,190.0,816.0,1.110055423594616
ASIANPAINT,12,2015,Mar 2015,1188.0,-465.0,-576.0,147.0,723.0,0.8325157673440785
ASIANPAINT,16,2016,Mar 2016,2243.0,-866.0,-849.0,528.0,1377.0,1.2440377149195785
ASIANPAINT,19,2017,Mar 2017,1527.0,-681.0,-756.0,90.0,846.0,0.7574404761904762
ASIANPAINT,22,2018,Mar 2018,2113.0,-1556.0,-1379.0,-822.0,557.0,1.0071496663489037
ASIANPAINT,25,2019,Mar 2019,2470.0,-918.0,-1117.0,434.0,1552.0,1.118659420289855
ASIANPAINT,28,2020,Mar 2020,3038.0,-518.0,-2871.0,-351.0,2520.0,1.0951694304253785
ASIANPAINT,31,2021,Mar 2021,3683.0,-541.0,-650.0,2492.0,3142.0,1.1484253196133458
ASIANPAINT,34,2022,Mar 2022,986.0,-317.0,-1808.0,-1138.0,669.0,0.3196110210696921
ASIANPAINT,37,2023,Mar 2023,4193.0,-1282.0,-2140.0,771.0,2911.0,0.999523241954708
ASIANPAINT,40,2024,Mar 2024,6104.0,-2548.0,-2982.0,573.0,3556.0,1.0982367758186398
ATGL,22,2018,Mar 2018,277.0,-988.0,779.0,68.0,-711.0,1.7098765432098766
ATGL,25,2019,Mar 2019,356.0,791.0,-1077.0,70.0,1147.0,1.554585152838428
ATGL,28,2020,Mar 2020,492.0,-461.0,-102.0,-71.0,31.0,1.128440366972477
ATGL,31,2021,Mar 2021,654.0,-770.0,39.0,-78.0,-116.0,1.4125269978401729
ATGL,34,2022,Mar 2022,732.0,-1133.0,422.0,21.0,-401.0,1.4381139489194499
ATGL,37,2023,Mar 2023,853.0,-1167.0,295.0,-19.0,-314.0,1.5622710622710623
ATGL,40,2024,Mar 2024,955.0,-752.0,-78.0,125.0,203.0,1.4296407185628743
AXISBANK,5,2013,Mar 2013,2573.0,-10939.0,14931.0,6566.0,-8366.0,0.4968140567677158
AXISBANK,8,2014,Mar 2014,14464.0,-14166.0,7785.0,8082.0,298.0,2.326149887423609
AXISBANK,12,2015,Mar 2015,-15162.0,-7972.0,31045.0,7910.0,-23134.0,-2.060614297363414
AXISBANK,16,2016,Mar 2016,-34495.0,9211.0,22495.0,-2789.0,-25284.0,-4.19443093385214
AXISBANK,19,2017,Mar 2017,32209.0,-12458.0,-2487.0,17263.0,19751.0,8.754824680619734
AXISBANK,22,2018,Mar 2018,-38390.0,-10007.0,41342.0,-7055.0,-48397.0,-139.09420289855072
AXISBANK,25,2019,Mar 2019,37125.0,-18674.0,5643.0,24094.0,18451.0,7.937780628608082
AXISBANK,28,2020,Mar 2020,30416.0,-9485.0,8865.0,29795.0,20931.0,18.694529809465273
AXISBANK,31,2021,Mar 2021,12633.0,-54288.0,7279.0,-34375.0,-41655.0,1.9175774134790529
AXISBANK,34,2022,Mar 2022,28137.0,-27112.0,47894.0,48919.0,1025.0,2.1602303262955855
AXISBANK,37,2023,Mar 2023,22075.0,-32351.0,6641.0,-3636.0,-10276.0,2.3042797494780793
AXISBANK,40,2024,Mar 2024,-5555.0,-9001.0,22341.0,7785.0,-14556.0,-0.2234423394071035
BAJAJ-AUTO,5,2013,Mar 2013,2218.0,-1394.0,-1445.0,-621.0,824.0,0.7079476540057453
BAJAJ-AUTO,8,2014,Mar 2014,3502.0,-2072.0,-1496.0,-66.0,1430.0,1.036094674556213
BAJAJ-AUTO,12,2015,Mar 2015,2114.0,-380.0,-1644.0,90.0,1734.0,0.6986120290812955
BAJAJ-AUTO,16,2016,Mar 2016,3690.0,-68.0,-3384.0,238.0,3622.0,0.9086431913321842
BAJAJ-AUTO,19,2017,Mar 2017,3267.0,-3610.0,-190.0,-532.0,-343.0,0.8009316008825692
BAJAJ-AUTO,22,2018,Mar 2018,4328.0,-1954.0,-1885.0,488.0,2374.0,1.0258355060440862
BAJAJ-AUTO,25,2019,Mar 2019,2487.0,-273.0,-2074.0,140.0,2214.0,0.5046672077922078
BAJAJ-AUTO,28,2020,Mar 2020,3850.0,1766.0,-6247.0,-630.0,5616.0,0.7386799693016116
BAJAJ-AUTO,31,2021,Mar 2021,3120.0,-2869.0,-20.0,231.0,251.0,0.6423718344657195
BAJAJ-AUTO,34,2022,Mar 2022,4197.0,276.0,-4056.0,417.0,4473.0,0.6806681803438209
BAJAJ-AUTO,37,2023,Mar 2023,5277.0,1211.0,-7181.0,-692.0,6488.0,0.8707920792079208
BAJAJ-AUTO,40,2024,Mar 2024,6558.0,-72.0,-6167.0,319.0,6486.0,0.8508043591074209
BAJAJFINSV,5,2013,Mar 2013,-6922.0,2953.0,4592.0,623.0,-3969.0,-3.1264679313459802
BAJAJFINSV,8,2014,Mar 2014,-9807.0,3764.0,6521.0,478.0,-6043.0,-4.476038338658147
BAJAJFINSV,12,2015,Mar 2015,-10731.0,3709.0,6839.0,-183.0,-7022.0,-4.454545454545454
BAJAJFINSV,16,2016,Mar 2016,-9795.0,-886.0,11602.0,921.0,-10681.0,-3.5297297297297296
BAJAJFINSV,19,2017,Mar 2017,-10922.0,151.0,12513.0,1742.0,-10771.0,-3.165797101449275
BAJAJFINSV,22,2018,Mar 2018,-19580.0,-922.0,19590.0,-911.0,-20502.0,-4.688697318007663
BAJAJFINSV,25,2019,Mar 2019,-27076.0,-6903.0,34535.0,555.0,-33979.0,-5.038332713062895
BAJAJFINSV,28,2020,Mar 2020,-23369.0,-9948.0,34479.0,1162.0,-33317.0,-3.898732065398732
BAJAJFINSV,31,2021,Mar 2021,4547.0,-3684.0,1687.0,2551.0,863.0,0.6172118908646668
BAJAJFINSV,34,2022,Mar 2022,-33670.0,1445.0,32326.0,101.0,-32225.0,-4.049795525619437
BAJAJFINSV,37,2023,Mar 2023,-39480.0,-13945.0,51016.0,-2409.0,-53425.0,-3.2334152334152333
BAJAJFINSV,40,2024,Mar 2024,-68674.0,-10960.0,82709.0,3075.0,-79634.0,-4.403590894517474
BAJAJHLDNG,5,2013,Mar 2013,473.0,-369.0,-332.0,-228.0,104.0,0.2548491379310345
BAJAJHLDNG,8,2014,Mar 2014,872.0,-519.0,-326.0,27.0,353.0,0.4386317907444668
BAJAJHLDNG,12,2015,Mar 2015,796.0,-464.0,-391.0,-59.0,332.0,0.39231148348940365
BAJAJHLDNG,16,2016,Mar 2016,1147.0,1019.0,-761.0,1406.0,2166.0,0.506401766004415
BAJAJHLDNG,19,2017,Mar 2017,-923.0,-372.0,-110.0,-1406.0,-1295.0,-0.3732308936514355
BAJAJHLDNG,22,2018,Mar 2018,1631.0,-1123.0,-434.0,74.0,508.0,0.6143126177024482
BAJAJHLDNG,25,2019,Mar 2019,628.0,-163.0,-536.0,-72.0,465.0,0.20603674540682415
BAJAJHLDNG,28,2020,Mar 2020,1920.0,-800.0,-1028.0,92.0,1120.0,0.6233766233766234
BAJAJHLDNG,31,2021,Mar 2021,272.0,-308.0,-37.0,-73.0,-36.0,0.07443897099069513
BAJAJHLDNG,34,2022,Mar 2022,1610.0,-151.0,-1460.0,-1.0,1459.0,0.39020843431895297
BAJAJHLDNG,37,2023,Mar 2023,1728.0,-137.0,-1587.0,4.0,1591.0,0.3493732308936514
BAJAJHLDNG,40,2024,Mar 2024,1941.0,-472.0,-1455.0,14.0,1469.0,0.26354378818737273
BAJFINANCE,12,2015,Mar 2015,-7064.0,-360.0,6867.0,-557.0,-7424.0,-7.866369710467706
BAJFINANCE,16,2016,Mar 2016,-9870.0,-687.0,11656.0,1100.0,-10557.0,-7.716966379984362
BAJFINANCE,19,2017,Mar 2017,-10439.0,-3047.0,12513.0,-972.0,-13486.0,-5.685729847494553
BAJFINANCE,22,2018,Mar 2018,-20566.0,1075.0,19503.0,13.0,-19491.0,-8.239583333333334
BAJFINANCE,25,2019,Mar 2019,-29062.0,-5379.0,34449.0,9.0,-34441.0,-7.27459324155194
BAJFINANCE,28,2020,Mar 2020,-24412.0,-8758.0,34167.0,998.0,-33170.0,-4.637537993920972
BAJFINANCE,31,2021,Mar 2021,-807.0,-429.0,1741.0,505.0,-1236.0,-0.18257918552036198
BAJFINANCE,34,2022,Mar 2022,-37090.0,6347.0,32275.0,1532.0,-30743.0,-5.277461582242458
BAJFINANCE,37,2023,Mar 2023,-42112.0,-10394.0,50675.0,-1831.0,-52506.0,-3.659367396593674
BAJFINANCE,40,2024,Mar 2024,-72760.0,-7171.0,82415.0,2484.0,-79931.0,-5.034945678499758
BANKBARODA,5,2013,Mar 2013,23196.0,-514.0,-790.0,21892.0,22682.0,4.803478981155519
BANKBARODA,8,2014,Mar 2014,42233.0,-730.0,5151.0,46654.0,41503.0,8.386219221604447
BANKBARODA,12,2015,Mar 2015,17838.0,-556.0,-6.0,17276.0,17282.0,4.5159493670886075
BANKBARODA,16,2016,Mar 2016,-10011.0,-4005.0,-616.0,-14632.0,-14016.0,1.9890721239817206
BANKBARODA,19,2017,Mar 2017,17865.0,-551.0,-198.0,17116.0,17314.0,9.630727762803234
BANKBARODA,22,2018,Mar 2018,-59692.0,-414.0,3413.0,-56692.0,-60106.0,32.5119825708061
BANKBARODA,25,2019,Mar 2019,-1449.0,-2537.0,4449.0,462.0,-3986.0,-1.2427101200686106
BANKBARODA,28,2020,Mar 2020,18531.0,-139.0,14729.0,33120.0,18392.0,18.889908256880734
BANKBARODA,31,2021,Mar 2021,-887.0,-471.0,-986.0,-2344.0,-1358.0,-0.5475308641975308
BANKBARODA,34,2022,Mar 2022,6210.0,-3645.0,-998.0,1567.0,2565.0,0.7828060002521114
BANKBARODA,37,2023,Mar 2023,-21354.0,-1096.0,-5405.0,-27855.0,-22450.0,-1.423125624791736
BANKBARODA,40,2024,Mar 2024,-6274.0,-1285.0,5476.0,-2084.0,-7559.0,-0.3325030473263024
BEL,5,2013,Mar 2013,-1539.0,1753.0,-158.0,56.0,214.0,-1.6893523600439078
BEL,8,2014,Mar 2014,-569.0,759.0,-213.0,-23.0,190.0,-0.5976890756302521
BEL,12,2015,Mar 2015,1434.0,-839.0,-209.0,386.0,595.0,1.1979949874686717
BEL,16,2016,Mar 2016,2260.0,-1470.0,-318.0,472.0,790.0,1.6903515332834704
BEL,19,2017,Mar 2017,-61.0,3115.0,-2857.0,197.0,3054.0,-0.04005252790544977
BEL,22,2018,Mar 2018,-687.0,-6.0,-1202.0,-1895.0,-693.0,-0.480083857442348
BEL,25,2019,Mar 2019,1514.0,-896.0,-663.0,-45.0,618.0,0.8023317435082141
BEL,28,2020,Mar 2020,2570.0,-649.0,-1061.0,861.0,1921.0,1.4082191780821918
BEL,31,2021,Mar 2021,5093.0,-2595.0,-1076.0,1422.0,2498.0,2.4252380952380954
BEL,34,2022,Mar 2022,4207.0,-4872.0,-1078.0,-1742.0,-665.0,1.7529166666666667
BEL,37,2023,Mar 2023,1199.0,2708.0,-1262.0,2645.0,3907.0,0.4015405224380442
BEL,40,2024,Mar 2024,4659.0,-5924.0,-1475.0,-2739.0,-1265.0,1.1691342534504392
BHARTIARTL,5,2013,Mar 2013,22608.0,-18676.0,-4566.0,-634.0,3932.0,9.972651080723423
BHARTIARTL,8,2014,Mar 2014,26233.0,-25181.0,2774.0,3826.0,1052.0,8.689301093077178
BHARTIARTL,12,2015,Mar 2015,28059.0,-22301.0,-9672.0,-3914.0,5758.0,5.558438985736926
BHARTIARTL,16,2016,Mar 2016,27942.0,-14091.0,-11946.0,1905.0,13851.0,4.053677643986653
BHARTIARTL,19,2017,Mar 2017,28280.0,-30680.0,-351.0,-2752.0,-2400.0,6.668238622966282
BHARTIARTL,22,2018,Mar 2018,29854.0,-27940.0,1920.0,3835.0,1914.0,13.66941391941392
BHARTIARTL,25,2019,Mar 2019,20070.0,-28286.0,9464.0,1248.0,-8216.0,11.889810426540285
BHARTIARTL,28,2020,Mar 2020,18129.0,-29598.0,19144.0,7675.0,-11469.0,-0.5912144534307331
BHARTIARTL,31,2021,Mar 2021,48205.0,-27286.0,-24910.0,-3991.0,20919.0,-3.8988191523778712
BHARTIARTL,34,2022,Mar 2022,55017.0,-41478.0,-15203.0,-1664.0,13539.0,6.624563515954245
BHARTIARTL,37,2023,Mar 2023,65325.0,-39232.0,-24470.0,1623.0,26093.0,5.31659477496541
BHARTIARTL,40,2024,Mar 2024,78898.0,-51089.0,-27778.0,31.0,27809.0,9.219210095816779
BHEL,5,2013,Mar 2013,1759.0,-1113.0,472.0,1118.0,646.0,0.26281189302256086
BHEL,8,2014,Mar 2014,4512.0,-868.0,523.0,4167.0,3644.0,1.2884066247858366
BHEL,12,2015,Mar 2015,821.0,650.0,-3543.0,-2071.0,1471.0,0.5662068965517242
BHEL,16,2016,Mar 2016,374.0,23.0,-122.0,275.0,397.0,-0.5297450424929179
BHEL,19,2017,Mar 2017,560.0,-565.0,-468.0,-473.0,-5.0,1.2307692307692308
BHEL,22,2018,Mar 2018,989.0,961.0,-667.0,1283.0,1950.0,2.2579908675799087
BHEL,25,2019,Mar 2019,-3860.0,1919.0,-32.0,-1973.0,-1941.0,-3.852295409181637
BHEL,28,2020,Mar 2020,-2892.0,1877.0,1622.0,608.0,-1015.0,1.9700272479564032
BHEL,31,2021,Mar 2021,560.0,-42.0,-394.0,123.0,518.0,-0.2074074074074074
BHEL,34,2022,Mar 2022,660.0,-1118.0,-329.0,-787.0,-458.0,1.4831460674157304
BHEL,37,2023,Mar 2023,-741.0,1480.0,89.0,829.0,739.0,-1.1330275229357798
BHEL,40,2024,Mar 2024,-3713.0,1331.0,2656.0,274.0,-2382.0,-13.166666666666666
BOSCHLTD,4,2012,Dec 2012,871.0,-824.0,-156.0,-108.0,47.0,0.9091858037578288
BOSCHLTD,7,2013,Dec 2013,1057.0,-846.0,-238.0,-27.0,211.0,1.1943502824858756
BOSCHLTD,12,2015,Mar 2015,1396.0,-1183.0,-237.0,-24.0,213.0,1.0433482810164425
BOSCHLTD,16,2016,Mar 2016,1318.0,-995.0,-356.0,-33.0,323.0,0.8608752449379491
BOSCHLTD,19,2017,Mar 2017,1457.0,1246.0,-2670.0,33.0,2703.0,0.8368753589890867
BOSCHLTD,22,2018,Mar 2018,1729.0,-1170.0,-325.0,234.0,559.0,1.261123267687819
BOSCHLTD,25,2019,Mar 2019,593.0,1766.0,-2531.0,-172.0,2359.0,0.3710888610763454
BOSCHLTD,28,2020,Mar 2020,1336.0,-873.0,-399.0,64.0,463.0,2.0553846153846154
BOSCHLTD,31,2021,Mar 2021,835.0,-463.0,-338.0,34.0,372.0,1.7323651452282158
BOSCHLTD,34,2022,Mar 2022,271.0,-33.0,-383.0,-146.0,238.0,0.22267871815940837
BOSCHLTD,37,2023,Mar 2023,1214.0,262.0,-1239.0,236.0,1476.0,0.8525280898876404
BOSCHLTD,40,2024,Mar 2024,1253.0,283.0,-1452.0,84.0,1536.0,0.5032128514056224
BPCL,5,2013,Mar 2013,5926.0,-3604.0,-846.0,1476.0,2322.0,3.0609504132231407
BPCL,8,2014,Mar 2014,9588.0,-6881.0,-3736.0,-1029.0,2707.0,2.3656550703182826
BPCL,12,2015,Mar 2015,20742.0,-10536.0,-9792.0,414.0,10206.0,4.0814639905549
BPCL,16,2016,Mar 2016,11119.0,-9233.0,-1332.0,555.0,1886.0,1.3745827667202373
BPCL,19,2017,Mar 2017,9041.0,-15274.0,4804.0,-1429.0,-6233.0,0.9509834858525297
BPCL,22,2018,Mar 2018,11068.0,-7066.0,-4218.0,-215.0,4002.0,1.1303104575163399
BPCL,25,2019,Mar 2019,10157.0,-10451.0,207.0,-87.0,-294.0,1.1910178236397748
BPCL,28,2020,Mar 2020,7881.0,-11135.0,3583.0,329.0,-3254.0,2.1497545008183305
BPCL,31,2021,Mar 2021,23455.0,-2474.0,-13981.0,7000.0,20981.0,1.3542147806004619
BPCL,34,2022,Mar 2022,20336.0,-8138.0,-17672.0,-5474.0,12198.0,1.7407978085944187
BPCL,37,2023,Mar 2023,12466.0,-7806.0,-4402.0,257.0,4660.0,5.849835757860159
BPCL,40,2024,Mar 2024,35936.0,-10521.0,-25427.0,-12.0,25415.0,1.3379500353698945
BRITANNIA,5,2013,Mar 2013,320.0,28.0,-378.0,-30.0,348.0,1.2307692307692308
BRITANNIA,8,2014,Mar 2014,671.0,-246.0,-357.0,68.0,425.0,1.6987341772151898
BRITANNIA,12,2015,Mar 2015,584.0,-450.0,-181.0,-47.0,134.0,0.8476052249637155
BRITANNIA,16,2016,Mar 2016,959.0,-705.0,-246.0,8.0,254.0,1.1624242424242424
BRITANNIA,19,2017,Mar 2017,441.0,-150.0,-295.0,-4.0,291.0,0.49830508474576274
BRITANNIA,22,2018,Mar 2018,1249.0,-957.0,-232.0,60.0,292.0,1.2440239043824701
BRITANNIA,25,2019,Mar 2019,1156.0,-852.0,-353.0,-49.0,304.0,1.000865800865801
BRITANNIA,28,2020,Mar 2020,1485.0,-1526.0,58.0,17.0,-41.0,1.0652797704447632
BRITANNIA,31,2021,Mar 2021,1876.0,433.0,-2242.0,66.0,2309.0,1.0135062128579146
BRITANNIA,34,2022,Mar 2022,1300.0,914.0,-2246.0,-32.0,2214.0,0.8575197889182058
BRITANNIA,37,2023,Mar 2023,2526.0,-1507.0,-1028.0,-9.0,1019.0,1.0906735751295338
BRITANNIA,40,2024,Mar 2024,2573.0,477.0,-2830.0,219.0,3050.0,1.2057169634489222
CANBK,5,2013,Mar 2013,8010.0,-435.0,-1043.0,6532.0,7575.0,2.674457429048414
CANBK,8,2014,Mar 2014,14244.0,-380.0,-3771.0,10092.0,13864.0,5.330838323353293
CANBK,12,2015,Mar 2015,6344.0,-1104.0,-1464.0,3776.0,5240.0,2.1644489935175706
CANBK,16,2016,Mar 2016,9346.0,-443.0,-806.0,8096.0,8903.0,-3.686785009861933
CANBK,19,2017,Mar 2017,2575.0,-476.0,124.0,2224.0,2099.0,1.824946846208363
CANBK,22,2018,Mar 2018,-11120.0,-487.0,2865.0,-8743.0,-11607.0,2.871159308029951
CANBK,25,2019,Mar 2019,18237.0,-745.0,-1185.0,16307.0,17492.0,26.20258620689655
CANBK,28,2020,Mar 2020,-5289.0,-445.0,7792.0,2059.0,-5734.0,2.7532535137948986
CANBK,31,2021,Mar 2021,59118.0,-1116.0,290.0,58291.0,58002.0,19.99256002705445
CANBK,34,2022,Mar 2022,919.0,-1429.0,4035.0,3525.0,-510.0,0.14923676518350112
CANBK,37,2023,Mar 2023,-39978.0,-1156.0,445.0,-40689.0,-41134.0,-3.523843102688409
CANBK,40,2024,Mar 2024,15046.0,-1750.0,-3834.0,9462.0,13296.0,0.9769495487306019
CHOLAFIN,5,2013,Mar 2013,-3754.0,5.0,4067.0,317.0,-3749.0,-12.188311688311689
CHOLAFIN,8,2014,Mar 2014,-2447.0,-83.0,2749.0,219.0,-2530.0,-6.649456521739131
CHOLAFIN,12,2015,Mar 2015,-2264.0,-40.0,1819.0,-485.0,-2304.0,-5.099099099099099
CHOLAFIN,16,2016,Mar 2016,-2809.0,-137.0,3031.0,85.0,-2946.0,-4.885217391304348
CHOLAFIN,19,2017,Mar 2017,-1468.0,-222.0,1692.0,2.0,-1690.0,-2.0445682451253484
CHOLAFIN,22,2018,Mar 2018,-7926.0,-60.0,8009.0,22.0,-7986.0,-8.633986928104575
CHOLAFIN,25,2019,Mar 2019,-9317.0,-11.0,12191.0,2862.0,-9328.0,-7.783625730994152
CHOLAFIN,28,2020,Mar 2020,-2075.0,-54.0,2452.0,323.0,-2129.0,-1.9686907020872866
CHOLAFIN,31,2021,Mar 2021,-8848.0,-1746.0,8707.0,-1888.0,-10594.0,-5.817225509533202
CHOLAFIN,34,2022,Mar 2022,-5571.0,1640.0,5150.0,1218.0,-3931.0,-2.586350974930362
CHOLAFIN,37,2023,Mar 2023,-27105.0,-2148.0,27466.0,-1787.0,-29253.0,-10.170731707317072
CHOLAFIN,40,2024,Mar 2024,-35683.0,-2855.0,38471.0,-66.0,-38538.0,-10.433625730994152
CIPLA,5,2013,Mar 2013,1398.0,-2063.0,718.0,53.0,-665.0,0.9048543689320389
CIPLA,8,2014,Mar 2014,1563.0,-1265.0,-266.0,33.0,298.0,1.1132478632478633
CIPLA,12,2015,Mar 2015,1173.0,-950.0,165.0,388.0,223.0,0.9544344995931652
CIPLA,16,2016,Mar 2016,1741.0,-4533.0,3104.0,312.0,-2792.0,1.2588575560375994
CIPLA,19,2017,Mar 2017,2382.0,-1304.0,-1326.0,-248.0,1078.0,2.301449275362319
CIPLA,22,2018,Mar 2018,1463.0,-834.0,-385.0,243.0,629.0,1.0324629498941424
CIPLA,25,2019,Mar 2019,1691.0,-1688.0,-349.0,-345.0,3.0,1.133378016085791
CIPLA,28,2020,Mar 2020,3068.0,114.0,-2949.0,234.0,3182.0,2.0453333333333332
CIPLA,31,2021,Mar 2021,3755.0,-2374.0,-1240.0,141.0,1381.0,1.571787358727501
CIPLA,34,2022,Mar 2022,3326.0,-1858.0,-1600.0,-132.0,1468.0,1.3058500196309384
CIPLA,37,2023,Mar 2023,3238.0,-2376.0,-958.0,-97.0,862.0,1.1429579950582422
CIPLA,40,2024,Mar 2024,4134.0,-2982.0,-1200.0,-49.0,1152.0,0.9951853635050554
COALINDIA,5,2013,Mar 2013,9109.0,-1833.0,-7852.0,-575.0,7276.0,0.5248329108089421
COALINDIA,8,2014,Mar 2014,14525.0,8580.0,-25350.0,-2246.0,23105.0,0.9611566966649021
COALINDIA,12,2015,Mar 2015,14382.0,894.0,-15026.0,250.0,15276.0,1.0477161797916514
COALINDIA,16,2016,Mar 2016,13154.0,8154.0,-19587.0,1721.0,21308.0,0.9219878040232705
COALINDIA,19,2017,Mar 2017,16461.0,455.0,-17598.0,-682.0,16916.0,1.7738146551724139
COALINDIA,22,2018,Mar 2018,21115.0,-7747.0,-13564.0,-196.0,13368.0,3.000142085819835
COALINDIA,25,2019,Mar 2019,16356.0,-7896.0,-10885.0,-2426.0,8460.0,0.9365551992670637
COALINDIA,28,2020,Mar 2020,4977.0,1033.0,-4791.0,1219.0,6010.0,0.2980239520958084
COALINDIA,31,2021,Mar 2021,10592.0,182.0,-8453.0,2321.0,10774.0,0.8338844276491891
COALINDIA,34,2022,Mar 2022,41107.0,-25715.0,-13441.0,1951.0,15392.0,2.365462078490045
COALINDIA,37,2023,Mar 2023,35734.0,-23465.0,-13704.0,-1436.0,12269.0,1.1264382309365444
COALINDIA,40,2024,Mar 2024,18103.0,-4486.0,-13899.0,-282.0,13617.0,0.48443897348069254
DABUR,5,2013,Mar 2013,870.0,-622.0,-234.0,13.0,248.0,1.1357702349869452
DABUR,8,2014,Mar 2014,1098.0,-104.0,-804.0,190.0,994.0,1.1986899563318778
DABUR,12,2015,Mar 2015,1047.0,-876.0,-417.0,-245.0,171.0,0.9803370786516854
DABUR,16,2016,Mar 2016,1187.0,-730.0,-374.0,82.0,457.0,0.9465709728867624
DABUR,19,2017,Mar 2017,1227.0,-807.0,-339.0,81.0,420.0,0.95859375
DABUR,22,2018,Mar 2018,1092.0,-541.0,-577.0,-27.0,551.0,0.8041237113402062
DABUR,25,2019,Mar 2019,1499.0,338.0,-1888.0,-51.0,1837.0,1.0366528354080222
DABUR,28,2020,Mar 2020,1614.0,-517.0,-1043.0,54.0,1097.0,1.1146408839779005
DABUR,31,2021,Mar 2021,2115.0,-1404.0,-613.0,97.0,711.0,1.247787610619469
DABUR,34,2022,Mar 2022,1802.0,-1273.0,-490.0,38.0,529.0,1.034443168771527
DABUR,37,2023,Mar 2023,1488.0,-583.0,-1035.0,-130.0,905.0,0.8747795414462081
DABUR,40,2024,Mar 2024,2013.0,-971.0,-1161.0,-119.0,1042.0,1.1115405853119824
DIVISLAB,5,2013,Mar 2013,480.0,-255.0,-231.0,-5.0,225.0,0.7973421926910299
DIVISLAB,8,2014,Mar 2014,557.0,-305.0,-248.0,3.0,252.0,0.720569210866753
DIVISLAB,12,2015,Mar 2015,826.0,-521.0,-303.0,3.0,305.0,0.9694835680751174
DIVISLAB,16,2016,Mar 2016,1038.0,-406.0,-631.0,0.0,632.0,0.9218472468916519
DIVISLAB,19,2017,Mar 2017,1150.0,-1140.0,2.0,13.0,10.0,1.0849056603773586
DIVISLAB,22,2018,Mar 2018,776.0,-478.0,-314.0,-17.0,298.0,0.8848346636259977
DIVISLAB,25,2019,Mar 2019,954.0,-685.0,-246.0,23.0,269.0,0.70509977827051
DIVISLAB,28,2020,Mar 2020,1216.0,-83.0,-1091.0,41.0,1133.0,0.8830791575889615
DIVISLAB,31,2021,Mar 2021,1947.0,75.0,-35.0,1987.0,2022.0,0.9813508064516129
DIVISLAB,34,2022,Mar 2022,1912.0,-2195.0,-532.0,-816.0,-283.0,0.6459459459459459
DIVISLAB,37,2023,Mar 2023,2459.0,-2707.0,-797.0,-1045.0,-248.0,1.3481359649122806
DIVISLAB,40,2024,Mar 2024,1261.0,-269.0,-799.0,193.0,992.0,0.788125
DLF,5,2013,Mar 2013,2009.0,1995.0,-3951.0,52.0,4004.0,3.0119940029985006
DLF,8,2014,Mar 2014,1468.0,3924.0,-4532.0,860.0,5392.0,2.488135593220339
DLF,12,2015,Mar 2015,2037.0,98.0,-1547.0,588.0,2135.0,4.017751479289941
DLF,16,2016,Mar 2016,2957.0,-818.0,-1929.0,210.0,2139.0,9.695081967213115
DLF,19,2017,Mar 2017,-898.0,872.0,787.0,761.0,-26.0,-1.268361581920904
DLF,22,2018,Mar 2018,270.0,-2102.0,-232.0,-2064.0,-1832.0,0.060308242126423946
DLF,25,2019,Mar 2019,2043.0,3.0,875.0,2921.0,2046.0,1.5547945205479452
DLF,28,2020,Mar 2020,356.0,6508.0,-9522.0,-2658.0,6864.0,-0.6033898305084746
DLF,31,2021,Mar 2021,1460.0,150.0,-2184.0,-573.0,1610.0,1.348107109879963
DLF,34,2022,Mar 2022,2832.0,267.0,-3828.0,-729.0,3099.0,1.888
DLF,37,2023,Mar 2023,2375.0,-461.0,-2013.0,-98.0,1914.0,1.1676499508357916
DLF,40,2024,Mar 2024,2539.0,-1529.0,177.0,1186.0,1010.0,0.9320851688693098
DMART,5,2013,Mar 2013,127.0,-231.0,118.0,14.0,-104.0,1.351063829787234
DMART,8,2014,Mar 2014,198.0,-270.0,65.0,-7.0,-72.0,1.2298136645962734
DMART,12,2015,Mar 2015,222.0,-474.0,234.0,-17.0,-252.0,1.0471698113207548
DMART,16,2016,Mar 2016,433.0,-633.0,196.0,-3.0,-200.0,1.353125
DMART,19,2017,Mar 2017,455.0,-2482.0,2025.0,-1.0,-2027.0,0.9498956158663883
DMART,22,2018,Mar 2018,730.0,464.0,-1159.0,34.0,1194.0,0.9057071960297767
DMART,25,2019,Mar 2019,807.0,-958.0,209.0,57.0,-151.0,0.8946784922394678
DMART,28,2020,Mar 2020,1280.0,-4657.0,3357.0,-19.0,-3377.0,0.9838585703305149
DMART,31,2021,Mar 2021,1375.0,-1110.0,-180.0,86.0,265.0,1.2511373976342128
DMART,34,2022,Mar 2022,1372.0,-1289.0,-179.0,-96.0,83.0,0.9195710455764075
DMART,37,2023,Mar 2023,2630.0,-2313.0,-205.0,112.0,317.0,1.1059714045416316
DMART,40,2024,Mar 2024,2746.0,-2468.0,-148.0,130.0,278.0,1.082807570977918
DRREDDY,5,2013,Mar 2013,1378.0,-1437.0,-157.0,-216.0,-59.0,0.9024230517354289
DRREDDY,8,2014,Mar 2014,1970.0,-1604.0,-24.0,342.0,366.0,1.0035659704533877
DRREDDY,12,2015,Mar 2015,2524.0,-2370.0,-433.0,-280.0,154.0,1.0804794520547945
DRREDDY,16,2016,Mar 2016,3263.0,-1610.0,-1700.0,-47.0,1653.0,1.5312060065696855
DRREDDY,19,2017,Mar 2017,2144.0,-1890.0,-369.0,-114.0,254.0,1.6594427244582044
DRREDDY,22,2018,Mar 2018,1803.0,-1483.0,-444.0,-124.0,320.0,1.903907074973601
DRREDDY,25,2019,Mar 2019,2870.0,-769.0,-2133.0,-31.0,2101.0,1.471794871794872
DRREDDY,28,2020,Mar 2020,2984.0,-495.0,-2516.0,-27.0,2489.0,1.472852912142152
DRREDDY,31,2021,Mar 2021,3570.0,-2255.0,-30.0,1286.0,1315.0,1.8288934426229508
DRREDDY,34,2022,Mar 2022,2811.0,-2565.0,-242.0,3.0,246.0,1.2882676443629697
DRREDDY,37,2023,Mar 2023,5888.0,-4109.0,-2686.0,-907.0,1779.0,1.3064122476148214
DRREDDY,40,2024,Mar 2024,4543.0,-4034.0,-376.0,133.0,509.0,0.8144496235209753
EICHERMOT,4,2012,Dec 2012,496.0,-773.0,-111.0,-388.0,-277.0,1.0442105263157895
EICHERMOT,7,2013,Dec 2013,716.0,-790.0,-47.0,-121.0,-74.0,1.3638095238095238
EICHERMOT,11,2014,Dec 2014,1047.0,-1214.0,-162.0,-329.0,-167.0,1.4914529914529915
EICHERMOT,16,2016,Mar 2016,1463.0,-1001.0,-466.0,-4.0,462.0,1.093423019431988
EICHERMOT,19,2017,Mar 2017,1708.0,-1744.0,25.0,-10.0,-36.0,1.0245950809838031
EICHERMOT,22,2018,Mar 2018,2482.0,-2145.0,-262.0,75.0,337.0,1.2663265306122449
EICHERMOT,25,2019,Mar 2019,1575.0,-660.0,-292.0,623.0,915.0,0.7149341806627326
EICHERMOT,28,2020,Mar 2020,1694.0,-1508.0,-858.0,-673.0,186.0,0.9272030651340997
EICHERMOT,31,2021,Mar 2021,1691.0,-1625.0,-15.0,51.0,66.0,1.2553823311061618
EICHERMOT,34,2022,Mar 2022,1527.0,-983.0,-593.0,-50.0,544.0,0.9105545617173524
EICHERMOT,37,2023,Mar 2023,2823.0,-2397.0,-417.0,8.0,426.0,0.9687714481811942
EICHERMOT,40,2024,Mar 2024,3724.0,-2834.0,-844.0,45.0,890.0,0.9307673081729567
GAIL,5,2013,Mar 2013,6603.0,-8626.0,3642.0,1618.0,-2023.0,1.5120219830547286
GAIL,8,2014,Mar 2014,4615.0,-4466.0,-3.0,146.0,149.0,0.9642707898035938
GAIL,12,2015,Mar 2015,4214.0,-2809.0,-3058.0,-1653.0,1405.0,1.3335443037974684
GAIL,16,2016,Mar 2016,3960.0,-904.0,-3028.0,29.0,3056.0,2.113127001067236
GAIL,19,2017,Mar 2017,6024.0,-334.0,-5275.0,415.0,5690.0,1.7854179016004743
GAIL,22,2018,Mar 2018,8769.0,-2660.0,-5252.0,858.0,6109.0,1.8249739854318419
GAIL,25,2019,Mar 2019,7984.0,-5701.0,-3364.0,-1081.0,2283.0,1.2183732641538227
GAIL,28,2020,Mar 2020,8345.0,-8299.0,281.0,328.0,46.0,0.8770362585391487
GAIL,31,2021,Mar 2021,8993.0,-4640.0,-3471.0,882.0,4353.0,1.463942699007
GAIL,34,2022,Mar 2022,9420.0,-5490.0,-3917.0,13.0,3930.0,0.7656046814044213
GAIL,37,2023,Mar 2023,3205.0,-7453.0,2972.0,-1276.0,-4248.0,0.5727305218012866
GAIL,40,2024,Mar 2024,12586.0,-8226.0,-3457.0,902.0,4360.0,1.270928001615672
GODREJCP,5,2013,Mar 2013,820.0,-865.0,282.0,237.0,-45.0,0.9704142011834319
GODREJCP,8,2014,Mar 2014,1116.0,-494.0,-620.0,1.0,622.0,1.3626373626373627
GODREJCP,12,2015,Mar 2015,1027.0,-1236.0,-12.0,-221.0,-209.0,1.0522540983606556
GODREJCP,16,2016,Mar 2016,847.0,-622.0,-202.0,23.0,225.0,1.0192539109506618
GODREJCP,19,2017,Mar 2017,1860.0,-2243.0,665.0,282.0,-383.0,1.4220183486238531
GODREJCP,22,2018,Mar 2018,1723.0,-336.0,-1384.0,3.0,1387.0,1.0544675642594858
GODREJCP,25,2019,Mar 2019,1729.0,274.0,-2039.0,-36.0,2003.0,0.7382578992314262
GODREJCP,28,2020,Mar 2020,1588.0,-552.0,-1295.0,-259.0,1036.0,1.0607882431529727
GODREJCP,31,2021,Mar 2021,2030.0,-292.0,-1816.0,-79.0,1738.0,1.179546775130738
GODREJCP,34,2022,Mar 2022,1451.0,-844.0,-380.0,227.0,607.0,0.8137969713965227
GODREJCP,37,2023,Mar 2023,2151.0,-1754.0,-794.0,-398.0,397.0,1.263807285546416
GODREJCP,40,2024,Mar 2024,2070.0,-3435.0,1406.0,41.0,-1365.0,-3.6898395721925135
GRASIM,5,2013,Mar 2013,4242.0,-5687.0,1348.0,-97.0,-1445.0,1.1228163049232398
GRASIM,8,2014,Mar 2014,3549.0,-2336.0,-1046.0,168.0,1213.0,1.2014218009478672
GRASIM,12,2015,Mar 2015,4594.0,-2359.0,-2278.0,-42.0,2235.0,1.7792408985282726
GRASIM,16,2016,Mar 2016,5868.0,-4515.0,-1365.0,-11.0,1353.0,1.6984081041968162
GRASIM,19,2017,Mar 2017,7288.0,-3509.0,-3799.0,-20.0,3779.0,1.7164390014130946
GRASIM,22,2018,Mar 2018,-4140.0,1546.0,3449.0,856.0,-2594.0,-1.1225596529284165
GRASIM,25,2019,Mar 2019,-1659.0,-2212.0,4158.0,287.0,-3871.0,-0.6043715846994535
GRASIM,28,2020,Mar 2020,16620.0,-11364.0,-3418.0,1838.0,5256.0,2.5033890646181653
GRASIM,31,2021,Mar 2021,15075.0,-7146.0,-8003.0,-75.0,7929.0,2.157578359811078
GRASIM,34,2022,Mar 2022,7038.0,-1053.0,-6733.0,-748.0,5985.0,0.6280563983580225
GRASIM,37,2023,Mar 2023,-12685.0,-13712.0,26469.0,72.0,-26397.0,-1.1450622856111212
GRASIM,40,2024,Mar 2024,-10719.0,-23114.0,33908.0,75.0,-33833.0,-1.0798911948418295
HAL,19,2017,Mar 2017,-423.0,3021.0,-164.0,2433.0,2598.0,-0.16169724770642202
HAL,22,2018,Mar 2018,-734.0,594.0,-2540.0,-2680.0,-140.0,-0.36940110719677904
HAL,25,2019,Mar 2019,-7694.0,5292.0,2321.0,-80.0,-2402.0,-3.279624893435635
HAL,28,2020,Mar 2020,1537.0,-1334.0,64.0,266.0,203.0,0.5408163265306123
HAL,31,2021,Mar 2021,15124.0,-1190.0,-7070.0,6864.0,13934.0,4.669342389626428
HAL,34,2022,Mar 2022,10180.0,-12789.0,-1464.0,-4072.0,-2609.0,2.0015729453401496
HAL,37,2023,Mar 2023,8836.0,-5734.0,-1731.0,1370.0,3102.0,1.5205644467389434
HAL,40,2024,Mar 2024,8226.0,-6412.0,-1999.0,-185.0,1814.0,1.0830809743252139
HAVELLS,5,2013,Mar 2013,638.0,-144.0,-252.0,242.0,494.0,1.0981067125645438
HAVELLS,8,2014,Mar 2014,868.0,-376.0,-310.0,183.0,492.0,1.946188340807175
HAVELLS,12,2015,Mar 2015,963.0,-485.0,-754.0,-277.0,478.0,2.501298701298701
HAVELLS,16,2016,Mar 2016,513.0,-121.0,-621.0,-229.0,392.0,0.3946153846153846
HAVELLS,19,2017,Mar 2017,767.0,-220.0,-98.0,450.0,547.0,1.5526315789473684
HAVELLS,22,2018,Mar 2018,1100.0,-946.0,-409.0,-255.0,154.0,1.6641452344931922
HAVELLS,25,2019,Mar 2019,501.0,185.0,-318.0,368.0,686.0,0.6357868020304569
HAVELLS,28,2020,Mar 2020,827.0,-548.0,-716.0,-437.0,279.0,1.125170068027211
HAVELLS,31,2021,Mar 2021,660.0,-763.0,190.0,87.0,-103.0,0.632183908045977
HAVELLS,34,2022,Mar 2022,1728.0,-759.0,-547.0,421.0,969.0,1.4448160535117056
HAVELLS,37,2023,Mar 2023,565.0,31.0,-907.0,-311.0,596.0,0.5270522388059702
HAVELLS,40,2024,Mar 2024,1953.0,-1618.0,-534.0,-199.0,335.0,1.5365853658536586
HCLTECH,6,2013,Jun 2013,4492.0,-2361.0,-2086.0,44.0,2131.0,1.111881188118812
HCLTECH,9,2014,Jun 2014,6457.0,-4842.0,-1308.0,307.0,1615.0,0.9891237745098039
HCLTECH,13,2015,Jun 2015,5539.0,-2088.0,-3140.0,311.0,3451.0,0.7544265867611005
HCLTECH,16,2016,Mar 2016,3823.0,-2208.0,-2237.0,-623.0,1615.0,0.682434844698322
HCLTECH,19,2017,Mar 2017,8995.0,-3890.0,-4517.0,588.0,5105.0,1.0452010225424122
HCLTECH,22,2018,Mar 2018,8328.0,-2236.0,-5714.0,378.0,6092.0,0.9548268745700528
HCLTECH,25,2019,Mar 2019,8971.0,-3256.0,-1471.0,4244.0,5715.0,0.8864624505928854
HCLTECH,28,2020,Mar 2020,13359.0,-12332.0,-3168.0,-2141.0,1027.0,1.2081939043140093
HCLTECH,31,2021,Mar 2021,19618.0,-5665.0,-11192.0,2761.0,13953.0,1.756468797564688
HCLTECH,34,2022,Mar 2022,16900.0,1597.0,-14508.0,3989.0,18497.0,1.2497226946683428
HCLTECH,37,2023,Mar 2023,18009.0,-3573.0,-15881.0,-1445.0,14436.0,1.2131357359380264
HCLTECH,40,2024,Mar 2024,22448.0,-6608.0,-15464.0,376.0,15840.0,1.428898790579249
HDFCBANK,5,2013,Mar 2013,-5847.0,-902.0,13105.0,6356.0,-6749.0,-0.8470230334637114
HDFCBANK,8,2014,Mar 2014,4211.0,-1099.0,9270.0,12382.0,3112.0,0.4802691605839416
HDFCBANK,12,2015,Mar 2015,-21281.0,-800.0,18694.0,-3387.0,-22081.0,-1.9883210314864992
HDFCBANK,16,2016,Mar 2016,-34435.0,-837.0,37815.0,2542.0,-35272.0,-2.6858279385383357
HDFCBANK,19,2017,Mar 2017,17282.0,-1146.0,-5893.0,10242.0,16136.0,1.128288829405236
HDFCBANK,22,2018,Mar 2018,17214.0,-842.0,57378.0,73750.0,16372.0,0.9274284790690157
HDFCBANK,25,2019,Mar 2019,-62872.0,-1503.0,23131.0,-41244.0,-64375.0,-2.801033591731266
HDFCBANK,28,2020,Mar 2020,-16869.0,-1403.0,24394.0,6122.0,-18272.0,-0.6180026377491208
HDFCBANK,31,2021,Mar 2021,42476.0,-1823.0,-7321.0,33332.0,40653.0,1.3333333333333333
HDFCBANK,34,2022,Mar 2022,-11960.0,-2051.0,48124.0,34113.0,-14011.0,-0.3134911273623234
HDFCBANK,37,2023,Mar 2023,20814.0,-2992.0,23941.0,41762.0,17822.0,0.45101735682246635
HDFCBANK,40,2024,Mar 2024,19069.0,16600.0,-3983.0,31687.0,35669.0,0.2913699844146319
HDFCLIFE,5,2013,Mar 2013,,,,,,
HDFCLIFE,8,2014,Mar 2014,,,,,,
HDFCLIFE,12,2015,Mar 2015,4459.0,-3514.0,-168.0,777.0,945.0,5.673027989821883
HDFCLIFE,16,2016,Mar 2016,5687.0,-3962.0,-212.0,1513.0,1725.0,6.960832313341493
HDFCLIFE,19,2017,Mar 2017,6230.0,-5177.0,-236.0,817.0,1053.0,7.023675310033822
HDFCLIFE,22,2018,Mar 2018,6739.0,-4421.0,-196.0,2122.0,2318.0,6.087624209575429
HDFCLIFE,25,2019,Mar 2019,9868.0,-10182.0,-337.0,-651.0,-314.0,7.721439749608764
HDFCLIFE,28,2020,Mar 2020,7388.0,-7789.0,38.0,-364.0,-401.0,5.696222050886662
HDFCLIFE,31,2021,Mar 2021,9703.0,-8952.0,678.0,1429.0,751.0,7.129316678912565
HDFCLIFE,34,2022,Mar 2022,5943.0,-801.0,-238.0,4904.0,5142.0,4.47852298417483
HDFCLIFE,37,2023,Mar 2023,6883.0,-10071.0,1985.0,-1203.0,-3188.0,5.031432748538012
HDFCLIFE,40,2024,Mar 2024,10721.0,-13614.0,-403.0,-3296.0,-2893.0,6.81130876747141
HEROMOTOCO,8,2014,Mar 2014,2963.0,-1616.0,-1414.0,-66.0,1347.0,1.4096098953377736
HEROMOTOCO,12,2015,Mar 2015,2186.0,31.0,-2131.0,86.0,2217.0,0.9247038917089678
HEROMOTOCO,16,2016,Mar 2016,3722.0,-2300.0,-1475.0,-53.0,1422.0,1.1960154241645244
HEROMOTOCO,19,2017,Mar 2017,4007.0,-1972.0,-2036.0,-1.0,2035.0,1.1300056401579244
HEROMOTOCO,22,2018,Mar 2018,4017.0,-1858.0,-2102.0,57.0,2159.0,1.0792584631918323
HEROMOTOCO,25,2019,Mar 2019,1032.0,1298.0,-2252.0,78.0,2330.0,0.2977495672244662
HEROMOTOCO,28,2020,Mar 2020,5518.0,-2819.0,-2602.0,97.0,2699.0,1.508062312107133
HEROMOTOCO,31,2021,Mar 2021,4110.0,-2289.0,-1852.0,-31.0,1821.0,1.3998637602179838
HEROMOTOCO,34,2022,Mar 2022,2104.0,-222.0,-1975.0,-94.0,1882.0,0.9033920137398025
HEROMOTOCO,37,2023,Mar 2023,2614.0,-421.0,-2147.0,45.0,2193.0,0.9335714285714286
HEROMOTOCO,40,2024,Mar 2024,4923.0,-1828.0,-2717.0,379.0,3095.0,1.3156066274719402
HINDALCO,5,2013,Mar 2013,2977.0,-13801.0,10278.0,-545.0,-10824.0,0.9900232790156301
HINDALCO,8,2014,Mar 2014,7956.0,-8095.0,1493.0,1353.0,-139.0,3.624601366742597
HINDALCO,12,2015,Mar 2015,7143.0,-3873.0,-2437.0,833.0,3270.0,27.57915057915058
HINDALCO,16,2016,Mar 2016,11688.0,-3220.0,-8862.0,-394.0,8468.0,-16.64957264957265
HINDALCO,19,2017,Mar 2017,12687.0,-2876.0,-5552.0,4259.0,9811.0,6.741232731137088
HINDALCO,22,2018,Mar 2018,10898.0,5333.0,-16412.0,-181.0,16231.0,1.7915502219299688
HINDALCO,25,2019,Mar 2019,11977.0,-5456.0,-5466.0,1055.0,6521.0,2.1796178343949046
HINDALCO,28,2020,Mar 2020,12745.0,-7227.0,6656.0,12174.0,5518.0,3.383328908946111
HINDALCO,31,2021,Mar 2021,17232.0,-25280.0,-4882.0,-12930.0,-8048.0,4.9474590869939705
HINDALCO,34,2022,Mar 2022,16838.0,-6773.0,-6765.0,3300.0,10065.0,1.226365622723962
HINDALCO,37,2023,Mar 2023,19208.0,-7559.0,-10450.0,1199.0,11649.0,1.9023472318510448
HINDALCO,40,2024,Mar 2024,24056.0,-14267.0,-10817.0,-1028.0,9789.0,2.368882323978336
HINDUNILVR,5,2013,Mar 2013,3605.0,63.0,-4147.0,-480.0,3668.0,0.9390466267257098
HINDUNILVR,8,2014,Mar 2014,3818.0,-475.0,-2960.0,383.0,3343.0,0.9651162790697675
HINDUNILVR,12,2015,Mar 2015,3292.0,138.0,-3462.0,-33.0,3430.0,0.7522851919561243
HINDUNILVR,16,2016,Mar 2016,4171.0,-282.0,-3864.0,25.0,3889.0,1.0048181161165983
HINDUNILVR,19,2017,Mar 2017,5185.0,-1173.0,-4214.0,-202.0,4012.0,1.1547884187082404
HINDUNILVR,22,2018,Mar 2018,6059.0,-1063.0,-4975.0,21.0,4996.0,1.1591735220968051
HINDUNILVR,25,2019,Mar 2019,5800.0,-438.0,-5390.0,-28.0,5362.0,0.9570957095709571
HINDUNILVR,28,2020,Mar 2020,7623.0,1791.0,-6819.0,2595.0,9414.0,1.1283303730017762
HINDUNILVR,31,2021,Mar 2021,9163.0,-1228.0,-9309.0,-1374.0,7935.0,1.1455181897737217
HINDUNILVR,34,2022,Mar 2022,9048.0,-1728.0,-8015.0,-695.0,7320.0,1.0175438596491229
HINDUNILVR,37,2023,Mar 2023,9991.0,-1484.0,-8953.0,-446.0,8507.0,0.9850142955733018
HINDUNILVR,40,2024,Mar 2024,15469.0,-5324.0,-10034.0,111.0,10145.0,1.504473837774752
ICICIBANK,5,2013,Mar 2013,17494.0,-18563.0,9283.0,8215.0,-1069.0,1.726949654491609
ICICIBANK,8,2014,Mar 2014,6765.0,-15750.0,7872.0,-1113.0,-8985.0,0.5793440095915047
ICICIBANK,12,2015,Mar 2015,-12273.0,-13175.0,24827.0,-621.0,-25448.0,-0.9483078349559574
ICICIBANK,16,2016,Mar 2016,23645.0,-12060.0,5814.0,17399.0,11585.0,2.16390592111284
ICICIBANK,19,2017,Mar 2017,52636.0,-1711.0,-35470.0,15455.0,50925.0,4.641622574955909
ICICIBANK,22,2018,Mar 2018,19383.0,-50551.0,39676.0,8508.0,-31168.0,2.13
ICICIBANK,25,2019,Mar 2019,48671.0,-30282.0,-19997.0,-1608.0,18389.0,8.555282123396028
ICICIBANK,28,2020,Mar 2020,79565.0,-42095.0,2992.0,40462.0,37470.0,7.088195991091314
ICICIBANK,31,2021,Mar 2021,138015.0,-63631.0,-54667.0,19718.0,74384.0,6.777401296405421
ICICIBANK,34,2022,Mar 2022,58111.0,-39448.0,17451.0,36114.0,18663.0,2.18972793729746
ICICIBANK,37,2023,Mar 2023,-3771.0,-67689.0,24791.0,-46669.0,-71460.0,-0.10634217873156425
ICICIBANK,40,2024,Mar 2024,157284.0,-144737.0,13765.0,26312.0,12547.0,3.4132071786636575
ICICIGI,5,2013,Mar 2013,984.0,-962.0,102.0,124.0,22.0,2.7875354107648724
ICICIGI,8,2014,Mar 2014,595.0,-706.0,4.0,-108.0,-111.0,1.1442307692307692
ICICIGI,12,2015,Mar 2015,-98.0,171.0,-93.0,-20.0,73.0,-0.1675213675213675
ICICIGI,16,2016,Mar 2016,511.0,-310.0,-148.0,53.0,201.0,1.0078895463510849
ICICIGI,19,2017,Mar 2017,1628.0,-1990.0,361.0,-1.0,-362.0,2.319088319088319
ICICIGI,22,2018,Mar 2018,2390.0,-1896.0,-96.0,398.0,494.0,2.7726218097447797
ICICIGI,25,2019,Mar 2019,2976.0,-2856.0,-310.0,-190.0,120.0,2.8369876072449953
ICICIGI,28,2020,Mar 2020,3433.0,-3382.0,-420.0,-369.0,51.0,2.875209380234506
ICICIGI,31,2021,Mar 2021,1774.0,-1367.0,-212.0,195.0,407.0,1.2043448744059742
ICICIGI,34,2022,Mar 2022,809.0,135.0,-879.0,65.0,944.0,0.6365066876475216
ICICIGI,37,2023,Mar 2023,2290.0,-1685.0,-695.0,-90.0,605.0,1.324465008675535
ICICIGI,40,2024,Mar 2024,2407.0,-1921.0,-355.0,131.0,486.0,1.2542991141219386
ICICIPRULI,5,2013,Mar 2013,-2641.0,1564.0,-514.0,-1591.0,-1077.0,-1.7432343234323433
ICICIPRULI,8,2014,Mar 2014,-2382.0,6012.0,-1091.0,2539.0,3630.0,-1.5259449071108264
ICICIPRULI,12,2015,Mar 2015,523.0,-1822.0,-966.0,-2264.0,-1299.0,0.31890243902439025
ICICIPRULI,16,2016,Mar 2016,3634.0,27.0,-1442.0,2219.0,3661.0,2.2024242424242426
ICICIPRULI,19,2017,Mar 2017,4130.0,-696.0,-994.0,2439.0,3434.0,2.455410225921522
ICICIPRULI,22,2018,Mar 2018,5690.0,-5389.0,-1188.0,-887.0,301.0,3.5145151327980235
ICICIPRULI,25,2019,Mar 2019,11377.0,-7559.0,-843.0,2975.0,3818.0,9.988586479367866
ICICIPRULI,28,2020,Mar 2020,8596.0,-10797.0,-405.0,-2606.0,-2201.0,8.056232427366448
ICICIPRULI,31,2021,Mar 2021,7314.0,-5084.0,1205.0,3434.0,2230.0,7.650627615062762
ICICIPRULI,34,2022,Mar 2022,1831.0,-816.0,-319.0,696.0,1015.0,2.412384716732543
ICICIPRULI,37,2023,Mar 2023,89.0,-1145.0,-112.0,-1168.0,-1056.0,0.10947109471094711
ICICIPRULI,40,2024,Mar 2024,-7315.0,7420.0,-88.0,17.0,105.0,-8.595769682726205
INDIGO,5,2013,Mar 2013,1741.0,-1890.0,36.0,-113.0,-149.0,2.2121982210927573
INDIGO,8,2014,Mar 2014,1595.0,-2914.0,1285.0,-34.0,-1319.0,3.3649789029535864
INDIGO,12,2015,Mar 2015,2384.0,-940.0,-1308.0,136.0,1444.0,1.8282208588957056
INDIGO,16,2016,Mar 2016,3116.0,-1337.0,-1220.0,559.0,1779.0,1.5689828801611279
INDIGO,19,2017,Mar 2017,3782.0,-3033.0,-1401.0,-652.0,749.0,2.2796865581675707
INDIGO,22,2018,Mar 2018,3903.0,-4152.0,766.0,518.0,-249.0,1.7408563782337199
INDIGO,25,2019,Mar 2019,3160.0,-2526.0,-592.0,42.0,634.0,20.256410256410255
INDIGO,28,2020,Mar 2020,6943.0,-4573.0,-2407.0,-37.0,2370.0,-27.995967741935484
INDIGO,31,2021,Mar 2021,-1620.0,3228.0,-1775.0,-168.0,1608.0,0.2625182304326689
INDIGO,34,2022,Mar 2022,2064.0,1527.0,-3088.0,503.0,3591.0,-6.511041009463723
INDIGO,37,2023,Mar 2023,12703.0,-4039.0,-8432.0,232.0,8664.0,-40.072555205047315
INDIGO,40,2024,Mar 2024,21183.0,-11759.0,-9979.0,-555.0,9424.0,2.5937308681278317
INDUSINDBK,5,2013,Mar 2013,-486.0,-174.0,1969.0,1309.0,-660.0,-0.4580584354382658
INDUSINDBK,8,2014,Mar 2014,-4106.0,-174.0,4200.0,-79.0,-4280.0,-2.9161931818181817
INDUSINDBK,12,2015,Mar 2015,-1421.0,-276.0,5707.0,4010.0,-1697.0,-0.7920847268673356
INDUSINDBK,16,2016,Mar 2016,-2927.0,-258.0,2517.0,-667.0,-3185.0,-1.2804024496937882
INDUSINDBK,19,2017,Mar 2017,11569.0,-285.0,-2768.0,8516.0,11284.0,4.033821478382148
INDUSINDBK,22,2018,Mar 2018,-20700.0,-217.0,15505.0,-5412.0,-20917.0,-5.740432612312812
INDUSINDBK,25,2019,Mar 2019,-6389.0,-633.0,8590.0,1568.0,-7022.0,-1.9354740987579522
INDUSINDBK,28,2020,Mar 2020,-12039.0,526.0,12733.0,1220.0,-11513.0,-2.724988682661838
INDUSINDBK,31,2021,Mar 2021,44646.0,-226.0,-4096.0,40324.0,44420.0,15.7425952045134
INDUSINDBK,34,2022,Mar 2022,16600.0,-351.0,-4302.0,11947.0,16249.0,3.600086749078291
INDUSINDBK,37,2023,Mar 2023,-12438.0,-441.0,1115.0,-11763.0,-12879.0,-1.683085250338295
INDUSINDBK,40,2024,Mar 2024,-16843.0,-625.0,-2242.0,-19710.0,-17468.0,-1.8818994413407821
INFY,5,2013,Mar 2013,7373.0,-2922.0,-3210.0,1241.0,4451.0,0.781949305334606
INFY,8,2014,Mar 2014,9825.0,-2563.0,-3144.0,4118.0,7262.0,0.9220157657657657
INFY,12,2015,Mar 2015,8353.0,999.0,-4935.0,4417.0,9352.0,0.6751535725832525
INFY,16,2016,Mar 2016,10028.0,-885.0,-6813.0,2330.0,9143.0,0.7434205649047372
INFY,19,2017,Mar 2017,11531.0,-14664.0,-6939.0,-10072.0,-3133.0,0.8033860516965095
INFY,22,2018,Mar 2018,13218.0,4533.0,-20505.0,-2754.0,17751.0,0.8246303574770728
INFY,25,2019,Mar 2019,14841.0,-632.0,-14512.0,-303.0,14209.0,0.9630759247242051
INFY,28,2020,Mar 2020,17003.0,-331.0,-17591.0,-919.0,16672.0,1.0218763146823728
INFY,31,2021,Mar 2021,23224.0,-7373.0,-9786.0,6065.0,15851.0,1.195695824537919
INFY,34,2022,Mar 2022,23885.0,-6485.0,-24642.0,-7242.0,17400.0,1.0785243384809897
INFY,37,2023,Mar 2023,22467.0,-1071.0,-26695.0,-5299.0,21396.0,0.9319313091090095
INFY,40,2024,Mar 2024,25210.0,-5093.0,-17504.0,2613.0,20117.0,0.9604541298384639
IOC,5,2013,Mar 2013,9340.0,-9294.0,352.0,398.0,46.0,2.5751309622277363
IOC,8,2014,Mar 2014,24195.0,-18594.0,-3116.0,2485.0,5601.0,3.4728003444811253
IOC,12,2015,Mar 2015,46092.0,-10215.0,-38283.0,-2406.0,35877.0,9.460591133004925
IOC,16,2016,Mar 2016,25624.0,-13610.0,-11890.0,124.0,12014.0,2.0642874405864817
IOC,19,2017,Mar 2017,28216.0,-17684.0,-10937.0,-405.0,10532.0,1.3841550159430953
IOC,22,2018,Mar 2018,29115.0,-17119.0,-12007.0,-11.0,11996.0,1.286793953858393
IOC,25,2019,Mar 2019,12747.0,-22569.0,10436.0,614.0,-9822.0,0.7379298367488711
IOC,28,2020,Mar 2020,7146.0,-29101.0,22456.0,502.0,-21955.0,-3.8091684434968016
IOC,31,2021,Mar 2021,49650.0,-22935.0,-27369.0,-653.0,26715.0,2.2814998621450235
IOC,34,2022,Mar 2022,25747.0,-21294.0,-4058.0,395.0,4453.0,1.00077739339993
IOC,37,2023,Mar 2023,29644.0,-28030.0,-1794.0,-180.0,1614.0,2.5328092959671906
IOC,40,2024,Mar 2024,71099.0,-31464.0,-39385.0,250.0,39635.0,1.6472973286068442
IRCTC,12,2015,Mar 2015,69.0,-46.0,-17.0,6.0,23.0,0.5267175572519084
IRCTC,16,2016,Mar 2016,288.0,7.0,-31.0,263.0,295.0,1.5238095238095237
IRCTC,19,2017,Mar 2017,338.0,94.0,-136.0,296.0,432.0,1.4759825327510918
IRCTC,22,2018,Mar 2018,24.0,40.0,-57.0,7.0,64.0,0.1085972850678733
IRCTC,25,2019,Mar 2019,499.0,-353.0,-179.0,-33.0,146.0,1.6148867313915858
IRCTC,28,2020,Mar 2020,409.0,8.0,-280.0,137.0,417.0,0.797270955165692
IRCTC,31,2021,Mar 2021,248.0,-453.0,-47.0,-252.0,-205.0,1.3262032085561497
IRCTC,34,2022,Mar 2022,524.0,-242.0,-258.0,23.0,282.0,0.793939393939394
IRCTC,37,2023,Mar 2023,812.0,-317.0,-434.0,61.0,495.0,0.8071570576540755
IRCTC,40,2024,Mar 2024,882.0,-215.0,-404.0,262.0,667.0,0.7938793879387939
IRFC,16,2016,Mar 2016,-16378.0,2.0,17582.0,1206.0,-16376.0,-19.290930506478208
IRFC,19,2017,Mar 2017,-19455.0,2.0,18250.0,-1204.0,-19453.0,-20.829764453961456
IRFC,22,2018,Mar 2018,-28076.0,2.0,28075.0,0.0,-28074.0,-13.662287104622871
IRFC,25,2019,Mar 2019,-41748.0,1.0,41749.0,3.0,-41747.0,-18.51352549889135
IRFC,28,2020,Mar 2020,-62701.0,1.0,62697.0,-2.0,-62700.0,-19.64317042606516
IRFC,31,2021,Mar 2021,-89907.0,0.0,90202.0,296.0,-89907.0,-20.359375
IRFC,34,2022,Mar 2022,-64412.0,-5.0,64266.0,-151.0,-64417.0,-10.576683087027915
IRFC,37,2023,Mar 2023,-28588.0,0.0,28644.0,56.0,-28588.0,-4.635641316685585
IRFC,40,2024,Mar 2024,7914.0,-8.0,-8046.0,-140.0,7906.0,1.2342482844666252
ITC,5,2013,Mar 2013,7102.0,-3881.0,-3310.0,-90.0,3221.0,0.921858774662513
ITC,8,2014,Mar 2014,7344.0,-3254.0,-4122.0,-32.0,4090.0,0.8159093434062882
ITC,12,2015,Mar 2015,9843.0,-5275.0,-4661.0,-93.0,4568.0,1.0065446364658963
ITC,16,2016,Mar 2016,9799.0,-3921.0,-5613.0,266.0,5878.0,1.0313651194611093
ITC,19,2017,Mar 2017,10627.0,-3251.0,-7301.0,75.0,7376.0,1.0143170754987114
ITC,22,2018,Mar 2018,13169.0,-7114.0,-6221.0,-166.0,6055.0,1.1458278952405812
ITC,25,2019,Mar 2019,12583.0,-5546.0,-6869.0,169.0,7037.0,0.9802898099096292
ITC,28,2020,Mar 2020,14690.0,-6174.0,-8181.0,334.0,8516.0,0.942089399089335
ITC,31,2021,Mar 2021,12527.0,5740.0,-18634.0,-367.0,18267.0,0.9360382574908466
ITC,34,2022,Mar 2022,15776.0,-2238.0,-13580.0,-43.0,13538.0,1.017609494936464
ITC,37,2023,Mar 2023,18878.0,-5732.0,-13006.0,139.0,13146.0,0.9692457770703907
ITC,40,2024,Mar 2024,17179.0,1563.0,-18551.0,191.0,18742.0,0.8278637174112091
JINDALSTEL,5,2013,Mar 2013,3522.0,-9591.0,6111.0,43.0,-6069.0,1.193089430894309
JINDALSTEL,8,2014,Mar 2014,4580.0,-12694.0,8879.0,766.0,-8114.0,2.4156118143459917
JINDALSTEL,12,2015,Mar 2015,1182.0,-6717.0,5708.0,173.0,-5535.0,-0.8140495867768595
JINDALSTEL,16,2016,Mar 2016,4333.0,-2262.0,-2672.0,-601.0,2071.0,-1.4036281179138321
JINDALSTEL,19,2017,Mar 2017,6850.0,-1998.0,-5108.0,-256.0,4852.0,-2.6989755713159966
JINDALSTEL,22,2018,Mar 2018,7724.0,-1431.0,-6276.0,17.0,6293.0,-4.77970297029703
JINDALSTEL,25,2019,Mar 2019,9027.0,-832.0,-8261.0,-67.0,8195.0,-3.7425373134328357
JINDALSTEL,28,2020,Mar 2020,8814.0,-1476.0,-7016.0,322.0,7338.0,-22.035
JINDALSTEL,31,2021,Mar 2021,11961.0,-1884.0,-4612.0,5465.0,10077.0,2.8031403796578394
JINDALSTEL,34,2022,Mar 2022,16048.0,-2331.0,-15120.0,-1403.0,13717.0,2.371859296482412
JINDALSTEL,37,2023,Mar 2023,7347.0,-4090.0,-2500.0,757.0,3257.0,1.8487669854051334
JINDALSTEL,40,2024,Mar 2024,6008.0,-8344.0,1381.0,-955.0,-2336.0,1.010937237085647
JIOFIN,37,2023,Mar 2023,2055.0,-1110.0,-889.0,56.0,945.0,66.29032258064517
JIOFIN,40,2024,Mar 2024,-678.0,1441.0,-753.0,11.0,763.0,-0.4224299065420561
JSWENERGY,5,2013,Mar 2013,1725.0,-944.0,-684.0,96.0,781.0,1.9145394006659266
JSWENERGY,8,2014,Mar 2014,2269.0,-363.0,-1859.0,48.0,1906.0,2.985526315789474
JSWENERGY,12,2015,Mar 2015,3394.0,-422.0,-2327.0,645.0,2972.0,2.499263622974963
JSWENERGY,16,2016,Mar 2016,3538.0,-3272.0,-1622.0,-1357.0,266.0,2.4232876712328766
JSWENERGY,19,2017,Mar 2017,3853.0,-762.0,-2595.0,496.0,3091.0,6.184590690208668
JSWENERGY,22,2018,Mar 2018,3934.0,-215.0,-3968.0,-249.0,3719.0,46.28235294117647
JSWENERGY,25,2019,Mar 2019,2491.0,-55.0,-2523.0,-87.0,2436.0,3.641812865497076
JSWENERGY,28,2020,Mar 2020,2082.0,301.0,-1962.0,421.0,2383.0,1.9259944495837187
JSWENERGY,31,2021,Mar 2021,3700.0,-1030.0,-2515.0,155.0,2670.0,4.495747266099635
JSWENERGY,34,2022,Mar 2022,2952.0,-1387.0,-781.0,784.0,1565.0,1.693631669535284
JSWENERGY,37,2023,Mar 2023,2084.0,-6778.0,7327.0,2634.0,-4694.0,1.4081081081081082
JSWENERGY,40,2024,Mar 2024,6234.0,-8197.0,1675.0,-289.0,-1963.0,3.6139130434782607
JSWSTEEL,5,2013,Mar 2013,5844.0,-5433.0,-791.0,-380.0,411.0,6.290635091496233
JSWSTEEL,8,2014,Mar 2014,2594.0,-5618.0,3300.0,276.0,-3024.0,6.45273631840796
JSWSTEEL,12,2015,Mar 2015,7876.0,-7372.0,-169.0,334.0,504.0,4.5737514518002325
JSWSTEEL,16,2016,Mar 2016,6897.0,-3857.0,-3151.0,-111.0,3040.0,-14.338877338877339
JSWSTEEL,19,2017,Mar 2017,7888.0,-5094.0,-2710.0,84.0,2794.0,2.275165849437554
JSWSTEEL,22,2018,Mar 2018,12379.0,-4529.0,-8185.0,-335.0,7850.0,2.0250286275151317
JSWSTEEL,25,2019,Mar 2019,14633.0,-11387.0,1753.0,4999.0,3246.0,1.944843168527379
JSWSTEEL,28,2020,Mar 2020,12785.0,-19589.0,5189.0,-1615.0,-6804.0,3.262311814238326
JSWSTEEL,31,2021,Mar 2021,18789.0,-7702.0,-3110.0,7977.0,11087.0,2.3865108599009273
JSWSTEEL,34,2022,Mar 2022,26270.0,-14748.0,-14657.0,-3135.0,11522.0,1.2546566052153978
JSWSTEEL,37,2023,Mar 2023,23323.0,-10730.0,-5977.0,6616.0,12593.0,5.634935974873158
JSWSTEEL,40,2024,Mar 2024,12078.0,-14467.0,-5005.0,-7394.0,-2389.0,1.3460381143430291
KOTAKBANK,5,2013,Mar 2013,2878.0,-9035.0,7099.0,942.0,-6157.0,1.285969615728329
KOTAKBANK,8,2014,Mar 2014,9068.0,-1130.0,-5814.0,2125.0,7938.0,3.588444796201029
KOTAKBANK,12,2015,Mar 2015,2302.0,-4467.0,2426.0,260.0,-2165.0,0.7413848631239935
KOTAKBANK,16,2016,Mar 2016,5025.0,-2353.0,2024.0,4696.0,2672.0,1.4259364358683315
KOTAKBANK,19,2017,Mar 2017,13222.0,-5289.0,6055.0,13989.0,7933.0,2.634389320581789
KOTAKBANK,22,2018,Mar 2018,-10392.0,-5475.0,14679.0,-1188.0,-15867.0,-1.660594439117929
KOTAKBANK,25,2019,Mar 2019,1822.0,-3323.0,8365.0,6864.0,-1501.0,0.2529150471960022
KOTAKBANK,28,2020,Mar 2020,46619.0,-13068.0,-735.0,32815.0,33551.0,5.425229838240428
KOTAKBANK,31,2021,Mar 2021,4881.0,-11172.0,-10072.0,-16363.0,-6291.0,0.4885885885885886
KOTAKBANK,34,2022,Mar 2022,8308.0,-10903.0,7543.0,4949.0,-2595.0,0.6872363305484325
KOTAKBANK,37,2023,Mar 2023,-1242.0,-10381.0,1883.0,-9740.0,-11623.0,-0.08321608040201005
KOTAKBANK,40,2024,Mar 2024,15685.0,-8919.0,15515.0,22281.0,6766.0,0.8611980453522209
LICI,25,2019,Mar 2019,13274.0,9636.0,-13700.0,9210.0,22910.0,5.052912066996574
LICI,28,2020,Mar 2020,54367.0,-40415.0,-18664.0,-4712.0,13952.0,20.06162361623616
LICI,31,2021,Mar 2021,80602.0,148447.0,-256125.0,-27077.0,229049.0,27.10221923335575
LICI,34,2022,Mar 2022,-3783.0,12531.0,0.0,8748.0,8748.0,-0.9170909090909091
LICI,37,2023,Mar 2023,54519.0,-52848.0,-949.0,722.0,1671.0,1.5145428785732145
LICI,40,2024,Mar 2024,26122.0,-25269.0,-4427.0,-3574.0,853.0,0.6384299540522045
LODHA,16,2016,Mar 2016,387.0,-854.0,330.0,-137.0,-467.0,0.55049786628734
LODHA,19,2017,Mar 2017,1469.0,-1174.0,-312.0,-16.0,295.0,2.5154109589041096
LODHA,22,2018,Mar 2018,696.0,-651.0,24.0,69.0,45.0,0.8765743073047859
LODHA,25,2019,Mar 2019,-463.0,-175.0,736.0,97.0,-638.0,-0.2816301703163017
LODHA,28,2020,Mar 2020,3772.0,182.0,-4188.0,-234.0,3954.0,5.083557951482479
LODHA,31,2021,Mar 2021,2524.0,420.0,-2835.0,109.0,2944.0,52.583333333333336
LODHA,34,2022,Mar 2022,1998.0,1139.0,-2888.0,250.0,3137.0,1.653973509933775
LODHA,37,2023,Mar 2023,2750.0,1789.0,-3706.0,834.0,4539.0,5.612244897959184
LODHA,40,2024,Mar 2024,2512.0,-2947.0,951.0,516.0,-435.0,1.6164736164736164
LT,5,2013,Mar 2013,-4355.0,-6922.0,11429.0,152.0,-11277.0,-0.8230958230958231
LT,8,2014,Mar 2014,-7143.0,-5510.0,13136.0,483.0,-12653.0,-1.462231320368475
LT,12,2015,Mar 2015,-1365.0,-4778.0,7903.0,1759.0,-6143.0,-0.27486910994764396
LT,16,2016,Mar 2016,-3240.0,-4627.0,7253.0,-613.0,-7867.0,-0.705574912891986
LT,19,2017,Mar 2017,6655.0,-9796.0,2896.0,-245.0,-3141.0,1.0260561208757324
LT,22,2018,Mar 2018,-10031.0,3914.0,9370.0,3254.0,-6117.0,-1.253248375812094
LT,25,2019,Mar 2019,-4756.0,-11023.0,15440.0,-338.0,-15779.0,-0.46549867867280026
LT,28,2020,Mar 2020,6694.0,-8408.0,6372.0,4658.0,-1714.0,0.6144666789058197
LT,31,2021,Mar 2021,23074.0,-5750.0,-15274.0,2049.0,17324.0,1.7857750948069036
LT,34,2022,Mar 2022,19164.0,-3585.0,-15181.0,397.0,15579.0,1.8393319896343219
LT,37,2023,Mar 2023,22777.0,-8048.0,-11572.0,3156.0,14729.0,1.8176522224882292
LT,40,2024,Mar 2024,18266.0,2179.0,-25413.0,-4968.0,20445.0,1.1748890461182222
LTIM,5,2013,Mar 2013,608.0,-224.0,-396.0,-13.0,384.0,1.0818505338078293
LTIM,8,2014,Mar 2014,628.0,180.0,-769.0,40.0,808.0,0.6305220883534136
LTIM,12,2015,Mar 2015,642.0,-103.0,-497.0,42.0,539.0,0.834850455136541
LTIM,16,2016,Mar 2016,858.0,-40.0,-817.0,2.0,818.0,1.0263157894736843
LTIM,19,2017,Mar 2017,1170.0,-961.0,-33.0,176.0,209.0,1.2049433573635426
LTIM,22,2018,Mar 2018,844.0,-452.0,-408.0,-16.0,392.0,0.7589928057553957
LTIM,25,2019,Mar 2019,1395.0,-749.0,-594.0,52.0,646.0,0.9201846965699209
LTIM,28,2020,Mar 2020,1644.0,-643.0,-890.0,110.0,1001.0,1.081578947368421
LTIM,31,2021,Mar 2021,2400.0,-1657.0,-509.0,234.0,743.0,1.238390092879257
LTIM,34,2022,Mar 2022,3251.0,-1643.0,-1680.0,-73.0,1608.0,0.8230379746835443
LTIM,37,2023,Mar 2023,3095.0,-271.0,-1932.0,892.0,2824.0,0.7018140589569161
LTIM,40,2024,Mar 2024,5670.0,-3918.0,-2269.0,-518.0,1752.0,1.2366412213740459
M&M,5,2013,Mar 2013,-922.0,-2903.0,4508.0,684.0,-3825.0,-0.223298619520465
M&M,8,2014,Mar 2014,-244.0,-4524.0,5577.0,810.0,-4768.0,-0.0473418703919286
M&M,12,2015,Mar 2015,1055.0,-4357.0,1669.0,-1633.0,-3302.0,0.3120378586217096
M&M,16,2016,Mar 2016,2385.0,-5506.0,2967.0,-154.0,-3121.0,0.6710748452447945
M&M,19,2017,Mar 2017,183.0,-5875.0,6108.0,416.0,-5692.0,0.04517403110343125
M&M,22,2018,Mar 2018,682.0,-5467.0,6314.0,1529.0,-4785.0,0.0856999246041719
M&M,25,2019,Mar 2019,-4347.0,-7174.0,13194.0,1672.0,-11521.0,-0.7224530496925378
M&M,28,2020,Mar 2020,-1457.0,-6870.0,6933.0,-1394.0,-8327.0,4.538940809968848
M&M,31,2021,Mar 2021,17909.0,-19686.0,406.0,-1370.0,-1777.0,11.84457671957672
M&M,34,2022,Mar 2022,9248.0,-3252.0,-5883.0,113.0,5996.0,1.2750585964428511
M&M,37,2023,Mar 2023,-7074.0,-8866.0,15946.0,6.0,-15940.0,-0.6219447863548444
M&M,40,2024,Mar 2024,-5630.0,-5615.0,12281.0,1037.0,-11245.0,-0.4588427057864711
MARUTI,5,2013,Mar 2013,4059.0,-3119.0,-979.0,-39.0,940.0,1.6433198380566802
MARUTI,8,2014,Mar 2014,4995.0,-4997.0,-74.0,-76.0,-2.0,1.750175192711983
MARUTI,12,2015,Mar 2015,6449.0,-4491.0,-2004.0,-45.0,1958.0,1.693095300603833
MARUTI,16,2016,Mar 2016,8482.0,-7230.0,-1237.0,16.0,1252.0,1.543023467345825
MARUTI,19,2017,Mar 2017,10282.0,-9173.0,-1129.0,-20.0,1109.0,1.3689255758221275
MARUTI,22,2018,Mar 2018,11788.0,-8302.0,-3436.0,50.0,3486.0,1.4957492703971578
MARUTI,25,2019,Mar 2019,6601.0,-3540.0,-2948.0,113.0,3061.0,0.8627630375114365
MARUTI,28,2020,Mar 2020,3496.0,-557.0,-3104.0,-165.0,2939.0,0.6157097569566748
MARUTI,31,2021,Mar 2021,8856.0,-7291.0,-1545.0,20.0,1565.0,2.017771701982228
MARUTI,34,2022,Mar 2022,1840.0,-239.0,-1607.0,-6.0,1601.0,0.4742268041237113
MARUTI,37,2023,Mar 2023,10815.0,-8820.0,-1214.0,780.0,1995.0,1.3086882865440466
MARUTI,40,2024,Mar 2024,16801.0,-11865.0,-4062.0,874.0,4936.0,1.2456257413997627
MOTHERSON,5,2013,Mar 2013,1486.0,-1089.0,-256.0,142.0,397.0,3.2876106194690267
MOTHERSON,8,2014,Mar 2014,2695.0,-1372.0,-1080.0,243.0,1323.0,2.456700091157703
MOTHERSON,12,2015,Mar 2015,3390.0,-2844.0,494.0,1040.0,546.0,2.623839009287926
MOTHERSON,16,2016,Mar 2016,2188.0,-1906.0,-263.0,19.0,282.0,1.23337091319053
MOTHERSON,19,2017,Mar 2017,3800.0,-6145.0,5518.0,3172.0,-2345.0,1.7495395948434622
MOTHERSON,22,2018,Mar 2018,3264.0,-3194.0,-2221.0,-2152.0,70.0,1.4442477876106194
MOTHERSON,25,2019,Mar 2019,4312.0,-3318.0,-225.0,769.0,994.0,2.0552907530981885
MOTHERSON,28,2020,Mar 2020,6352.0,-2220.0,-2803.0,1329.0,4132.0,4.908809891808346
MOTHERSON,31,2021,Mar 2021,5051.0,-1886.0,-2098.0,1068.0,3165.0,3.2192479286169533
MOTHERSON,34,2022,Mar 2022,2463.0,-2304.0,-1217.0,-1059.0,159.0,2.083756345177665
MOTHERSON,37,2023,Mar 2023,4643.0,-2248.0,-2734.0,-339.0,2395.0,2.7802395209580837
MOTHERSON,40,2024,Mar 2024,7569.0,-6644.0,1281.0,2205.0,925.0,2.5062913907284767
NAUKRI,5,2013,Mar 2013,75.0,-46.0,-12.0,16.0,29.0,0.9868421052631579
NAUKRI,8,2014,Mar 2014,81.0,-204.0,130.0,7.0,-123.0,1.35
NAUKRI,12,2015,Mar 2015,51.0,-1051.0,1025.0,25.0,-1000.0,-3.642857142857143
NAUKRI,16,2016,Mar 2016,78.0,-2.0,-66.0,11.0,76.0,0.6610169491525424
NAUKRI,19,2017,Mar 2017,213.0,-165.0,-42.0,7.0,48.0,-4.953488372093023
NAUKRI,22,2018,Mar 2018,253.0,-149.0,-75.0,29.0,104.0,0.5049900199600799
NAUKRI,25,2019,Mar 2019,276.0,-59.0,-78.0,138.0,217.0,0.46621621621621623
NAUKRI,28,2020,Mar 2020,350.0,97.0,-143.0,304.0,447.0,-1.4227642276422765
NAUKRI,31,2021,Mar 2021,276.0,-2043.0,1880.0,113.0,-1767.0,0.19464033850493653
NAUKRI,34,2022,Mar 2022,707.0,-1177.0,35.0,-435.0,-470.0,0.05488278217668064
NAUKRI,37,2023,Mar 2023,512.0,-358.0,2.0,156.0,154.0,-7.314285714285714
NAUKRI,40,2024,Mar 2024,702.0,-852.0,120.0,-29.0,-150.0,1.1798319327731093
NESTLEIND,7,2013,Dec 2013,1796.0,-441.0,-580.0,775.0,1355.0,1.6078782452999105
NESTLEIND,11,2014,Dec 2014,1644.0,-432.0,-1635.0,-423.0,1212.0,1.3873417721518988
NESTLEIND,15,2015,Dec 2015,1098.0,-70.0,-498.0,529.0,1028.0,1.9502664298401422
NESTLEIND,18,2016,Dec 2016,1466.0,-126.0,-666.0,674.0,1340.0,1.4645354645354645
NESTLEIND,21,2017,Dec 2017,1818.0,-131.0,-997.0,691.0,1687.0,1.4840816326530613
NESTLEIND,24,2018,Dec 2018,2052.0,-52.0,-1317.0,683.0,2000.0,1.2769135034225265
NESTLEIND,27,2019,Dec 2019,2295.0,83.0,-3602.0,-1223.0,2378.0,1.166158536585366
NESTLEIND,30,2020,Dec 2020,2454.0,-321.0,-1956.0,177.0,2133.0,1.1786743515850144
NESTLEIND,33,2021,Dec 2021,2236.0,-1920.0,-2020.0,-1704.0,316.0,1.0557129367327667
NESTLEIND,36,2022,Dec 2022,2737.0,-392.0,-2123.0,223.0,2345.0,1.1447093266415727
NESTLEIND,39,2023,Dec 2023,3392.0,-927.0,-2436.0,29.0,2465.0,1.1310436812270757
NESTLEIND,40,2024,Mar 2024,4175.0,-1237.0,-3135.0,-198.0,2938.0,1.0615306381896772
NHPC,5,2013,Mar 2013,2846.0,-1330.0,-1344.0,172.0,1516.0,0.9906021580229725
NHPC,8,2014,Mar 2014,3824.0,-1122.0,-4536.0,-1834.0,2702.0,2.3417023882424983
NHPC,12,2015,Mar 2015,4061.0,-768.0,-2494.0,798.0,3293.0,1.4513938527519656
NHPC,16,2016,Mar 2016,5971.0,-746.0,-4000.0,1224.0,5225.0,2.5247357293868924
NHPC,19,2017,Mar 2017,8329.0,-1864.0,-7812.0,-1347.0,6465.0,2.393390804597701
NHPC,22,2018,Mar 2018,4696.0,-886.0,-3863.0,-53.0,3810.0,1.6861759425493716
NHPC,25,2019,Mar 2019,3824.0,-1182.0,-2637.0,5.0,2642.0,1.3483779971791254
NHPC,28,2020,Mar 2020,2993.0,-2987.0,12.0,17.0,6.0,0.8947683109118086
NHPC,31,2021,Mar 2021,5070.0,-1607.0,-3058.0,405.0,3463.0,1.4083333333333334
NHPC,34,2022,Mar 2022,4590.0,-3084.0,-638.0,867.0,1506.0,1.2162162162162162
NHPC,37,2023,Mar 2023,4705.0,-4191.0,-795.0,-281.0,514.0,1.1042008918094344
NHPC,40,2024,Mar 2024,6938.0,-5968.0,-581.0,388.0,970.0,1.7224428997020853
NTPC,5,2013,Mar 2013,16508.0,-16845.0,988.0,651.0,-337.0,1.3116160813602415
NTPC,8,2014,Mar 2014,16531.0,-15509.0,-2709.0,-1687.0,1022.0,1.4497062176620188
NTPC,12,2015,Mar 2015,14889.0,-15977.0,-1474.0,-2563.0,-1088.0,1.4900920736589272
NTPC,16,2016,Mar 2016,24125.0,-19162.0,-3899.0,1064.0,4963.0,2.237733048882293
NTPC,19,2017,Mar 2017,20167.0,-24480.0,3138.0,-1176.0,-4313.0,1.8823035280940825
NTPC,22,2018,Mar 2018,19670.0,-20678.0,1028.0,19.0,-1008.0,1.8729765758903065
NTPC,25,2019,Mar 2019,18686.0,-24063.0,4927.0,-451.0,-5377.0,1.331480689753456
NTPC,28,2020,Mar 2020,23890.0,-29628.0,6004.0,266.0,-5738.0,2.007225676356915
NTPC,31,2021,Mar 2021,32444.0,-21034.0,-11049.0,360.0,11410.0,2.1674126528158193
NTPC,34,2022,Mar 2022,41788.0,-22891.0,-19172.0,-274.0,18897.0,2.463915094339623
NTPC,37,2023,Mar 2023,47152.0,-26145.0,-21217.0,-210.0,21007.0,2.7540447403773145
NTPC,40,2024,Mar 2024,40785.0,-32141.0,-8246.0,398.0,8644.0,1.9119163697731107
ONGC,5,2013,Mar 2013,39874.0,-41220.0,-6927.0,-8273.0,-1346.0,1.6618321246978411
ONGC,8,2014,Mar 2014,53270.0,-63633.0,15225.0,4862.0,-10363.0,1.9977498593662104
ONGC,12,2015,Mar 2015,33950.0,-30058.0,-10641.0,-6749.0,3892.0,1.9177540529853696
ONGC,16,2016,Mar 2016,46292.0,-38256.0,-8972.0,-935.0,8036.0,3.533201038009464
ONGC,19,2017,Mar 2017,45780.0,-43815.0,-1867.0,99.0,1965.0,1.5694744420446365
ONGC,22,2018,Mar 2018,56792.0,-66798.0,9909.0,-97.0,-10006.0,2.178609789780574
ONGC,25,2019,Mar 2019,61458.0,-37132.0,-23324.0,1001.0,24326.0,1.8108904472862277
ONGC,28,2020,Mar 2020,70593.0,-53159.0,-16726.0,708.0,17434.0,6.162098463687151
ONGC,31,2021,Mar 2021,47185.0,-39141.0,-8239.0,-195.0,8044.0,2.2090355805243447
ONGC,34,2022,Mar 2022,78248.0,-41197.0,-35790.0,1261.0,37051.0,1.5873737168823792
ONGC,37,2023,Mar 2023,86062.0,-74690.0,-12876.0,-1504.0,11372.0,2.625602538287876
ONGC,40,2024,Mar 2024,99263.0,-57203.0,-45650.0,-3591.0,42060.0,1.7383758603176827
PFC,5,2013,Mar 2013,-25102.0,22.0,27947.0,2868.0,-25080.0,-5.65615141955836
PFC,8,2014,Mar 2014,-22473.0,9.0,17671.0,-4793.0,-22464.0,-4.1144269498352255
PFC,12,2015,Mar 2015,-21455.0,-491.0,26916.0,4970.0,-21946.0,-3.5734510326449036
PFC,16,2016,Mar 2016,-13298.0,-1973.0,10383.0,-4888.0,-15271.0,-2.1503880983182406
PFC,19,2017,Mar 2017,1795.0,-667.0,1950.0,3079.0,1128.0,0.802772808586762
PFC,22,2018,Mar 2018,-57148.0,1409.0,52018.0,-3720.0,-55739.0,-6.496305558713198
PFC,25,2019,Mar 2019,-80252.0,-13463.0,93616.0,-98.0,-93715.0,-6.349050632911393
PFC,28,2020,Mar 2020,-42148.0,-73.0,43399.0,1179.0,-42221.0,-4.447398965917484
PFC,31,2021,Mar 2021,-59143.0,1741.0,60424.0,3023.0,-57402.0,-3.763234919826928
PFC,34,2022,Mar 2022,4904.0,-547.0,-8371.0,-4014.0,4357.0,0.2612958226768968
PFC,37,2023,Mar 2023,-74717.0,-1694.0,75537.0,-874.0,-76411.0,-3.527881391944851
PFC,40,2024,Mar 2024,-97820.0,-3409.0,101261.0,32.0,-101229.0,-3.6967612713049394
PIDILITIND,5,2013,Mar 2013,472.0,-144.0,-339.0,-12.0,328.0,1.1132075471698113
PIDILITIND,8,2014,Mar 2014,394.0,-99.0,-242.0,54.0,295.0,0.8755555555555555
PIDILITIND,12,2015,Mar 2015,552.0,-436.0,-165.0,-49.0,116.0,1.0739299610894941
PIDILITIND,16,2016,Mar 2016,907.0,-491.0,-371.0,45.0,416.0,1.123915737298637
PIDILITIND,19,2017,Mar 2017,794.0,-879.0,41.0,-45.0,-85.0,0.9200463499420626
PIDILITIND,22,2018,Mar 2018,796.0,39.0,-790.0,46.0,835.0,0.8240165631469979
PIDILITIND,25,2019,Mar 2019,845.0,-513.0,-361.0,-29.0,332.0,0.9105603448275862
PIDILITIND,28,2020,Mar 2020,1280.0,103.0,-849.0,533.0,1383.0,1.1408199643493762
PIDILITIND,31,2021,Mar 2021,1392.0,-1688.0,-76.0,-372.0,-296.0,1.236234458259325
PIDILITIND,34,2022,Mar 2022,955.0,-558.0,-468.0,-71.0,397.0,0.7912178956089478
PIDILITIND,37,2023,Mar 2023,1558.0,-899.0,-656.0,2.0,659.0,1.208688906128782
PIDILITIND,40,2024,Mar 2024,2724.0,-1769.0,-742.0,212.0,955.0,1.559244419004007
PNB,5,2013,Mar 2013,-692.0,-600.0,-694.0,-1987.0,-1292.0,-0.13784860557768924
PNB,8,2014,Mar 2014,16906.0,-302.0,2129.0,18733.0,16604.0,4.601524224278715
PNB,12,2015,Mar 2015,4814.0,-872.0,7451.0,11393.0,3942.0,1.3656737588652483
PNB,16,2016,Mar 2016,14167.0,-1352.0,5975.0,18790.0,12815.0,-4.036182336182336
PNB,19,2017,Mar 2017,21938.0,159.0,-9767.0,12330.0,22097.0,17.706214689265536
PNB,22,2018,Mar 2018,-1742.0,392.0,7460.0,6109.0,-1350.0,0.14383618198332096
PNB,25,2019,Mar 2019,-33532.0,-629.0,13969.0,-20192.0,-34161.0,3.5112041884816754
PNB,28,2020,Mar 2020,-12793.0,-338.0,13591.0,460.0,-13131.0,-26.377319587628865
PNB,31,2021,Mar 2021,30950.0,-787.0,5415.0,35579.0,30163.0,11.484230055658626
PNB,34,2022,Mar 2022,20032.0,-1204.0,2032.0,20859.0,18828.0,5.12589559877175
PNB,37,2023,Mar 2023,22592.0,-732.0,1275.0,23135.0,21860.0,6.725811253349211
PNB,40,2024,Mar 2024,-27939.0,-1506.0,3518.0,-25928.0,-29445.0,-3.0511084416293546
POWERGRID,5,2013,Mar 2013,11690.0,-22084.0,9962.0,-432.0,-10394.0,2.7104103872014838
POWERGRID,8,2014,Mar 2014,15223.0,-26639.0,13712.0,2295.0,-11416.0,3.3471855760773965
POWERGRID,12,2015,Mar 2015,15800.0,-24185.0,6399.0,-1986.0,-8385.0,3.1311930241775663
POWERGRID,16,2016,Mar 2016,15008.0,-21576.0,5621.0,-948.0,-6568.0,2.518543379761705
POWERGRID,19,2017,Mar 2017,21575.0,-23836.0,3959.0,1698.0,-2261.0,2.895584485303986
POWERGRID,22,2018,Mar 2018,22710.0,-25701.0,1285.0,-1707.0,-2991.0,2.7681618722574353
POWERGRID,25,2019,Mar 2019,23271.0,-18727.0,-2431.0,2113.0,4544.0,2.3192146701215868
POWERGRID,28,2020,Mar 2020,30739.0,-10733.0,-18806.0,1199.0,20006.0,2.7795460710733337
POWERGRID,31,2021,Mar 2021,29403.0,-9244.0,-20521.0,-362.0,20159.0,2.442921236291127
POWERGRID,34,2022,Mar 2022,26124.0,753.0,-28967.0,-2091.0,26877.0,1.5527817403708988
POWERGRID,37,2023,Mar 2023,40203.0,-7138.0,-30450.0,2615.0,33065.0,2.6071984435797666
POWERGRID,40,2024,Mar 2024,37290.0,-13114.0,-25903.0,-1728.0,24176.0,2.394528992486997
RECLTD,5,2013,Mar 2013,-20059.0,152.0,16059.0,-3847.0,-19907.0,-5.233237672841117
RECLTD,8,2014,Mar 2014,-17244.0,136.0,16815.0,-293.0,-17108.0,-3.6372073402235814
RECLTD,12,2015,Mar 2015,-23898.0,151.0,23098.0,-649.0,-23747.0,-4.4719311377245505
RECLTD,16,2016,Mar 2016,-13278.0,-756.0,15291.0,1257.0,-14034.0,-2.3331576172904587
RECLTD,19,2017,Mar 2017,6805.0,-101.0,-3947.0,2757.0,6704.0,1.0779344210359576
RECLTD,22,2018,Mar 2018,-32510.0,46.0,28244.0,-4220.0,-32464.0,-7.303976634464165
RECLTD,25,2019,Mar 2019,-35866.0,457.0,35543.0,134.0,-35409.0,-6.247343668350462
RECLTD,28,2020,Mar 2020,-32712.0,121.0,33926.0,1336.0,-32591.0,-6.579243765084473
RECLTD,31,2021,Mar 2021,-43512.0,861.0,42113.0,-538.0,-42651.0,-5.1936022917164
RECLTD,34,2022,Mar 2022,-819.0,-287.0,68.0,-1038.0,-1106.0,-0.08160621761658031
RECLTD,37,2023,Mar 2023,-37360.0,-943.0,38123.0,-180.0,-38303.0,-3.3455717739768964
RECLTD,40,2024,Mar 2024,-57723.0,-1831.0,59588.0,34.0,-59554.0,-4.0808059384941675
RELIANCE,5,2013,Mar 2013,36918.0,-27601.0,408.0,9725.0,9317.0,1.7675955185291583
RELIANCE,8,2014,Mar 2014,43261.0,-73070.0,13713.0,-16096.0,-29809.0,1.9186180592513749
RELIANCE,12,2015,Mar 2015,34374.0,-64706.0,8444.0,-21888.0,-30332.0,1.4540609137055838
RELIANCE,16,2016,Mar 2016,38134.0,-36186.0,-3210.0,-1262.0,1948.0,1.2770503332105423
RELIANCE,19,2017,Mar 2017,49550.0,-66201.0,8617.0,-8034.0,-16651.0,1.6609124124291892
RELIANCE,22,2018,Mar 2018,71459.0,-68192.0,-2001.0,1266.0,3267.0,1.980570953436807
RELIANCE,25,2019,Mar 2019,42346.0,-94507.0,55906.0,3745.0,-52161.0,1.0629816502246656
RELIANCE,28,2020,Mar 2020,94877.0,-72497.0,-2541.0,19839.0,22380.0,2.379062186559679
RELIANCE,31,2021,Mar 2021,26958.0,-142385.0,101904.0,-13523.0,-115427.0,0.5016468486573996
RELIANCE,34,2022,Mar 2022,110654.0,-109162.0,17289.0,18781.0,1492.0,1.6309823863217627
RELIANCE,37,2023,Mar 2023,115032.0,-93001.0,10455.0,32486.0,22031.0,1.5526401036605118
RELIANCE,40,2024,Mar 2024,158788.0,-113581.0,-16646.0,28561.0,45207.0,2.00946595798532
SBILIFE,5,2013,Mar 2013,1130.0,-227.0,-58.0,845.0,903.0,1.7936507936507937
SBILIFE,8,2014,Mar 2014,166.0,-708.0,-58.0,-600.0,-542.0,0.22802197802197802
SBILIFE,12,2015,Mar 2015,2711.0,-178.0,-117.0,2416.0,2533.0,3.3263803680981594
SBILIFE,16,2016,Mar 2016,5778.0,-7204.0,-144.0,-1570.0,-1426.0,6.845971563981043
SBILIFE,19,2017,Mar 2017,8525.0,-9032.0,-144.0,-651.0,-507.0,8.926701570680628
SBILIFE,22,2018,Mar 2018,10395.0,-8910.0,-221.0,1264.0,1485.0,9.039130434782608
SBILIFE,25,2019,Mar 2019,13473.0,-13552.0,-241.0,-321.0,-79.0,10.152976639035419
SBILIFE,28,2020,Mar 2020,19299.0,-16986.0,-198.0,2114.0,2313.0,13.571729957805907
SBILIFE,31,2021,Mar 2021,23878.0,-19203.0,3.0,4677.0,4675.0,16.399725274725274
SBILIFE,34,2022,Mar 2022,21852.0,-21611.0,-231.0,10.0,241.0,14.50996015936255
SBILIFE,37,2023,Mar 2023,28656.0,-30203.0,-415.0,-1962.0,-1547.0,16.650784427658337
SBILIFE,40,2024,Mar 2024,29122.0,-31221.0,-227.0,-2327.0,-2099.0,15.375923970432947
SBIN,5,2013,Mar 2013,24332.0,-2271.0,-4424.0,17637.0,22061.0,1.3113446510374562
SBIN,8,2014,Mar 2014,19142.0,-791.0,3583.0,21934.0,18351.0,1.2927669345579793
SBIN,12,2015,Mar 2015,26297.0,-3424.0,-1553.0,21320.0,22873.0,1.4747083894122925
SBIN,16,2016,Mar 2016,14477.0,-2747.0,4348.0,16078.0,11730.0,1.1119901682156847
SBIN,19,2017,Mar 2017,77406.0,-4572.0,-4196.0,68638.0,72834.0,-798.0
SBIN,22,2018,Mar 2018,-96508.0,13053.0,5547.0,-77908.0,-83455.0,25.742331288343557
SBIN,25,2019,Mar 2019,29556.0,220.0,448.0,30223.0,29776.0,8.820053715308863
SBIN,28,2020,Mar 2020,23929.0,-555.0,5430.0,28803.0,23374.0,1.1319299905392621
SBIN,31,2021,Mar 2021,89919.0,-3670.0,7143.0,93392.0,86249.0,3.764191225720027
SBIN,34,2022,Mar 2022,57695.0,-2652.0,-3845.0,51198.0,55043.0,1.5516499475566792
SBIN,37,2023,Mar 2023,-86014.0,-966.0,6386.0,-80593.0,-86980.0,-1.4894199134199133
SBIN,40,2024,Mar 2024,21632.0,-3476.0,-9896.0,8260.0,18156.0,0.31105934457817463
SHREECEM,6,2013,Jun 2013,1260.0,-270.0,-982.0,8.0,990.0,1.254980079681275
SHREECEM,9,2014,Jun 2014,1401.0,-1234.0,-156.0,11.0,167.0,1.7801778907242694
SHREECEM,13,2015,Jun 2015,1239.0,-990.0,-259.0,-10.0,249.0,2.908450704225352
SHREECEM,16,2016,Mar 2016,1566.0,-1265.0,-271.0,31.0,301.0,1.3700787401574803
SHREECEM,19,2017,Mar 2017,2202.0,-2048.0,-167.0,-13.0,154.0,1.6445108289768484
SHREECEM,22,2018,Mar 2018,1879.0,-3595.0,1726.0,10.0,-1716.0,1.3576589595375723
SHREECEM,25,2019,Mar 2019,2080.0,-720.0,-1276.0,84.0,1360.0,2.0492610837438425
SHREECEM,28,2020,Mar 2020,3973.0,-5590.0,1581.0,-36.0,-1617.0,2.573186528497409
SHREECEM,31,2021,Mar 2021,4254.0,-2651.0,-1233.0,370.0,1603.0,1.8202824133504494
SHREECEM,34,2022,Mar 2022,2668.0,-2143.0,-849.0,-324.0,525.0,2.102442868400315
SHREECEM,37,2023,Mar 2023,2569.0,-2405.0,-277.0,-113.0,164.0,1.084423807513719
SHREECEM,40,2024,Mar 2024,3347.0,-1418.0,-1710.0,220.0,1929.0,1.93133294864397
SHRIRAMFIN,5,2013,Mar 2013,-8359.0,-41.0,9060.0,661.0,-8400.0,-5.713602187286398
SHRIRAMFIN,8,2014,Mar 2014,-4055.0,-112.0,5010.0,843.0,-4167.0,-2.9860088365243005
SHRIRAMFIN,12,2015,Mar 2015,-9611.0,-45.0,7836.0,-1819.0,-9656.0,-9.349221789883268
SHRIRAMFIN,16,2016,Mar 2016,-5507.0,-36.0,2822.0,-2721.0,-5543.0,-4.6511824324324325
SHRIRAMFIN,19,2017,Mar 2017,-2677.0,-2.0,3017.0,338.0,-2679.0,-2.1145339652448656
SHRIRAMFIN,22,2018,Mar 2018,-13142.0,86.0,13014.0,-42.0,-13056.0,-5.155747351902707
SHRIRAMFIN,25,2019,Mar 2019,-5535.0,-76.0,5550.0,-62.0,-5611.0,-2.1486801242236027
SHRIRAMFIN,28,2020,Mar 2020,-2464.0,-55.0,4579.0,2060.0,-2519.0,-0.9808917197452229
SHRIRAMFIN,31,2021,Mar 2021,-4239.0,-25.0,12226.0,7962.0,-4264.0,-1.6962785114045618
SHRIRAMFIN,34,2022,Mar 2022,-8859.0,-34.0,8505.0,-388.0,-8893.0,-3.2557883131201764
SHRIRAMFIN,37,2023,Mar 2023,-17625.0,5076.0,11820.0,-730.0,-12549.0,-2.9277408637873754
SHRIRAMFIN,40,2024,Mar 2024,-31101.0,-258.0,27609.0,-3750.0,-31359.0,-4.203405865657522
SIEMENS,2,2011,Sep 2011,3.0,264.0,-196.0,70.0,267.0,0.0034562211981566822
SIEMENS,10,2014,Sep 2014,608.0,130.0,-220.0,517.0,738.0,1.0082918739635158
SIEMENS,14,2015,Sep 2015,574.0,646.0,-245.0,975.0,1220.0,0.4889267461669506
SIEMENS,17,2016,Sep 2016,513.0,237.0,-1614.0,-864.0,750.0,0.17604667124227866
SIEMENS,20,2017,Sep 2017,573.0,1321.0,-285.0,1610.0,1894.0,0.503957783641161
SIEMENS,23,2018,Sep 2018,100.0,-174.0,-305.0,-379.0,-74.0,0.11098779134295228
SIEMENS,26,2019,Sep 2019,1273.0,-1135.0,-312.0,-174.0,138.0,1.1583257506824385
SIEMENS,29,2020,Sep 2020,720.0,871.0,-386.0,1205.0,1591.0,0.9362808842652796
SIEMENS,32,2021,Sep 2021,1422.0,-2389.0,-502.0,-1469.0,-967.0,1.3057851239669422
SIEMENS,35,2022,Sep 2022,978.0,-34.0,-392.0,552.0,944.0,0.6338302009073234
SIEMENS,38,2023,Sep 2023,1400.0,-759.0,-450.0,191.0,641.0,0.7135575942915392
SIEMENS,41,2024,Sep 2024,1670.0,-502.0,-523.0,644.0,1168.0,0.6144223693892568
SUNPHARMA,5,2013,Mar 2013,3357.0,-2375.0,-665.0,316.0,982.0,0.9677140386278467
SUNPHARMA,8,2014,Mar 2014,3959.0,-2176.0,507.0,2290.0,1783.0,1.0206238721319927
SUNPHARMA,12,2015,Mar 2015,5616.0,-1502.0,-1187.0,2927.0,4114.0,1.0255661066471877
SUNPHARMA,16,2016,Mar 2016,6686.0,-3949.0,-1889.0,848.0,2737.0,1.1816896429833863
SUNPHARMA,19,2017,Mar 2017,7082.0,-4186.0,-2285.0,611.0,2896.0,0.9026255416772878
SUNPHARMA,22,2018,Mar 2018,3907.0,-3104.0,-1539.0,-736.0,803.0,1.536978756884343
SUNPHARMA,25,2019,Mar 2019,2196.0,-310.0,-2731.0,-844.0,1886.0,0.6845386533665836
SUNPHARMA,28,2020,Mar 2020,6555.0,-2225.0,-5715.0,-1386.0,4330.0,1.571188878235858
SUNPHARMA,31,2021,Mar 2021,6170.0,407.0,-5980.0,596.0,6577.0,2.715669014084507
SUNPHARMA,34,2022,Mar 2022,8985.0,-5556.0,-5193.0,-1765.0,3429.0,2.6512245500147538
SUNPHARMA,37,2023,Mar 2023,4959.0,-7220.0,2376.0,115.0,-2261.0,0.5825208504639963
SUNPHARMA,40,2024,Mar 2024,12135.0,-763.0,-6710.0,4662.0,11372.0,1.2627471383975026
TATACONSUM,5,2013,Mar 2013,173.0,24.0,186.0,383.0,197.0,0.3887640449438202
TATACONSUM,8,2014,Mar 2014,422.0,-1.0,-363.0,57.0,421.0,0.8274509803921568
TATACONSUM,12,2015,Mar 2015,418.0,-207.0,-392.0,-182.0,211.0,1.531135531135531
TATACONSUM,16,2016,Mar 2016,116.0,145.0,-282.0,-21.0,261.0,-3.135135135135135
TATACONSUM,19,2017,Mar 2017,741.0,145.0,-816.0,70.0,886.0,1.6285714285714286
TATACONSUM,22,2018,Mar 2018,356.0,-31.0,-30.0,294.0,325.0,0.6402877697841727
TATACONSUM,25,2019,Mar 2019,210.0,53.0,-224.0,39.0,263.0,0.45951859956236324
TATACONSUM,28,2020,Mar 2020,1082.0,-622.0,-308.0,152.0,460.0,2.3521739130434782
TATACONSUM,31,2021,Mar 2021,1656.0,-346.0,-426.0,884.0,1310.0,1.7806451612903227
TATACONSUM,34,2022,Mar 2022,1516.0,-1317.0,-995.0,-796.0,199.0,1.4935960591133004
TATACONSUM,37,2023,Mar 2023,1461.0,-834.0,-714.0,-87.0,627.0,1.106818181818182
TATACONSUM,40,2024,Mar 2024,1937.0,-1911.0,256.0,281.0,26.0,1.594238683127572
TATAMOTORS,5,2013,Mar 2013,22163.0,-22969.0,-1692.0,-2499.0,-806.0,2.2216319165998395
TATAMOTORS,8,2014,Mar 2014,36151.0,-27991.0,-3883.0,4277.0,8160.0,2.5730249110320287
TATAMOTORS,12,2015,Mar 2015,35531.0,-36232.0,5201.0,4500.0,-701.0,2.524763731969019
TATAMOTORS,16,2016,Mar 2016,37900.0,-36694.0,-3795.0,-2589.0,1206.0,3.2454187360849462
TATAMOTORS,19,2017,Mar 2017,30199.0,-39571.0,6205.0,-3167.0,-9372.0,3.9961624983459045
TATAMOTORS,22,2018,Mar 2018,23857.0,-25139.0,2012.0,730.0,-1282.0,2.6242437575624242
TATAMOTORS,25,2019,Mar 2019,18891.0,-20878.0,8830.0,6843.0,-1987.0,-0.6576730260409414
TATAMOTORS,28,2020,Mar 2020,26633.0,-33115.0,3390.0,-3092.0,-6482.0,-2.2240501043841334
TATAMOTORS,31,2021,Mar 2021,29001.0,-25672.0,9904.0,13232.0,3329.0,-2.1650615901455765
TATAMOTORS,34,2022,Mar 2022,14283.0,-4444.0,-3380.0,6459.0,9839.0,-1.262976390485454
TATAMOTORS,37,2023,Mar 2023,35388.0,-15417.0,-26243.0,-6272.0,19971.0,13.155390334572491
TATAMOTORS,40,2024,Mar 2024,67915.0,-22782.0,-37006.0,8128.0,45133.0,2.135221806520577
TATAPOWER,5,2013,Mar 2013,3286.0,-4026.0,-593.0,-1333.0,-740.0,26.715447154471544
TATAPOWER,8,2014,Mar 2014,6483.0,-3609.0,-3265.0,-392.0,2874.0,540.25
TATAPOWER,12,2015,Mar 2015,5981.0,-3865.0,-2239.0,-123.0,2116.0,13.087527352297593
TATAPOWER,16,2016,Mar 2016,7415.0,-1805.0,-6183.0,-574.0,5610.0,9.43384223918575
TATAPOWER,19,2017,Mar 2017,7014.0,-7373.0,937.0,579.0,-359.0,6.376363636363636
TATAPOWER,22,2018,Mar 2018,6364.0,-1512.0,-4726.0,126.0,4852.0,2.4373803140559174
TATAPOWER,25,2019,Mar 2019,4574.0,-272.0,-5184.0,-883.0,4302.0,1.7551803530314658
TATAPOWER,28,2020,Mar 2020,7375.0,-493.0,-5110.0,1773.0,6882.0,5.604103343465046
TATAPOWER,31,2021,Mar 2021,8345.0,993.0,-7603.0,1736.0,9338.0,5.799166087560806
TATAPOWER,34,2022,Mar 2022,6693.0,-6250.0,-1183.0,-741.0,443.0,3.104359925788497
TATAPOWER,37,2023,Mar 2023,7166.0,-7263.0,1341.0,1243.0,-97.0,1.8808398950131233
TATAPOWER,40,2024,Mar 2024,12596.0,-9027.0,-4497.0,-928.0,3569.0,2.9429906542056075
TATASTEEL,5,2013,Mar 2013,14035.0,-13099.0,-1780.0,-844.0,936.0,-1.930005500550055
TATASTEEL,8,2014,Mar 2014,13146.0,-15378.0,1015.0,-1218.0,-2232.0,3.5869031377899043
TATASTEEL,12,2015,Mar 2015,11880.0,-9021.0,-2617.0,241.0,2859.0,-3.015993907083016
TATASTEEL,16,2016,Mar 2016,11455.0,-8794.0,-4729.0,-2068.0,2661.0,-23.048289738430583
TATASTEEL,19,2017,Mar 2017,10824.0,-9490.0,-2579.0,-1245.0,1334.0,-2.5963060686015833
TATASTEEL,22,2018,Mar 2018,8023.0,-11730.0,6640.0,2933.0,-3707.0,0.4521783238460238
TATASTEEL,25,2019,Mar 2019,25336.0,-29176.0,-673.0,-4513.0,-3840.0,2.777461083095812
TATASTEEL,28,2020,Mar 2020,20169.0,-14012.0,-1695.0,4462.0,6157.0,17.179727427597957
TATASTEEL,31,2021,Mar 2021,44327.0,-9437.0,-37090.0,-2200.0,34890.0,5.412332112332113
TATASTEEL,34,2022,Mar 2022,44381.0,-10905.0,-23401.0,10075.0,33476.0,1.063043426189849
TATASTEEL,37,2023,Mar 2023,21683.0,-18179.0,-6981.0,-3477.0,3504.0,2.6852012383900927
TATASTEEL,40,2024,Mar 2024,20301.0,-14253.0,-11097.0,-5049.0,6048.0,-4.134623217922607
TCS,5,2013,Mar 2013,11615.0,-6038.0,-5729.0,-152.0,5577.0,0.8251633986928104
TCS,8,2014,Mar 2014,14751.0,-9452.0,-5673.0,-374.0,5299.0,0.7630353817504656
TCS,12,2015,Mar 2015,19369.0,-1807.0,-17168.0,394.0,17562.0,0.9655533399800598
TCS,16,2016,Mar 2016,19109.0,-5010.0,-9666.0,4433.0,14099.0,0.785150792998603
TCS,19,2017,Mar 2017,25223.0,-16895.0,-11026.0,-2698.0,8328.0,0.9569753765603065
TCS,22,2018,Mar 2018,25067.0,3104.0,-26885.0,1286.0,28171.0,0.9685857805255024
TCS,25,2019,Mar 2019,28593.0,1645.0,-27897.0,2341.0,30238.0,0.9059311830682466
TCS,28,2020,Mar 2020,32369.0,8968.0,-39915.0,1422.0,41337.0,0.9975960797608407
TCS,31,2021,Mar 2021,38802.0,-7956.0,-32634.0,-1788.0,30846.0,1.191634420490142
TCS,34,2022,Mar 2022,39949.0,-738.0,-33581.0,5630.0,39211.0,1.0390127181461157
TCS,37,2023,Mar 2023,41965.0,548.0,-47878.0,-5365.0,42513.0,0.9920100229298159
TCS,40,2024,Mar 2024,44338.0,6091.0,-48536.0,1893.0,50429.0,0.9617996051975097
TECHM,5,2013,Mar 2013,855.0,-622.0,65.0,298.0,233.0,0.6541698546289212
TECHM,8,2014,Mar 2014,1596.0,291.0,-972.0,915.0,1887.0,0.5212279555845852
TECHM,12,2015,Mar 2015,2448.0,-1865.0,-829.0,-246.0,583.0,0.9206468597216999
TECHM,16,2016,Mar 2016,3137.0,-1453.0,-496.0,1188.0,1684.0,1.0363396101750908
TECHM,19,2017,Mar 2017,4071.0,-2893.0,-1571.0,-392.0,1178.0,1.4279200280603297
TECHM,22,2018,Mar 2018,3554.0,-3319.0,-269.0,-35.0,235.0,0.9387216059165346
TECHM,25,2019,Mar 2019,4432.0,-2104.0,-2251.0,77.0,2328.0,1.0333411051527162
TECHM,28,2020,Mar 2020,4358.0,1081.0,-4466.0,974.0,5439.0,1.1182961252245316
TECHM,31,2021,Mar 2021,8094.0,-5433.0,-2987.0,-326.0,2661.0,1.859407305306685
TECHM,34,2022,Mar 2022,5285.0,480.0,-4667.0,1098.0,5765.0,0.9387211367673179
TECHM,37,2023,Mar 2023,5572.0,-226.0,-5078.0,267.0,5346.0,1.1472102120650607
TECHM,40,2024,Mar 2024,6376.0,-1318.0,-4767.0,291.0,5058.0,2.6599916562369628
TITAN,5,2013,Mar 2013,553.0,-142.0,-236.0,176.0,411.0,0.7627586206896552
TITAN,8,2014,Mar 2014,-555.0,-271.0,497.0,-329.0,-826.0,-0.7551020408163265
TITAN,12,2015,Mar 2015,503.0,-118.0,-1005.0,-620.0,385.0,0.616421568627451
TITAN,16,2016,Mar 2016,576.0,-159.0,-505.0,-88.0,417.0,0.8533333333333334
TITAN,19,2017,Mar 2017,1712.0,-953.0,-166.0,594.0,759.0,2.456241032998565
TITAN,22,2018,Mar 2018,-51.0,98.0,-252.0,-206.0,47.0,-0.04627949183303085
TITAN,25,2019,Mar 2019,1243.0,-797.0,-489.0,-43.0,446.0,0.8948884089272858
TITAN,28,2020,Mar 2020,-348.0,235.0,-242.0,-355.0,-113.0,-0.23308774279973207
TITAN,31,2021,Mar 2021,4139.0,-2799.0,-1234.0,106.0,1340.0,4.249486652977413
TITAN,34,2022,Mar 2022,-724.0,1165.0,-403.0,38.0,441.0,-0.3293903548680619
TITAN,37,2023,Mar 2023,1370.0,-1814.0,457.0,13.0,-444.0,0.4184483811850947
TITAN,40,2024,Mar 2024,1695.0,-189.0,-1329.0,177.0,1506.0,0.4848398169336384
TORNTPHARM,5,2013,Mar 2013,153.0,-247.0,20.0,-73.0,-94.0,0.35172413793103446
TORNTPHARM,8,2014,Mar 2014,599.0,-418.0,86.0,268.0,181.0,0.9021084337349398
TORNTPHARM,12,2015,Mar 2015,810.0,-2113.0,1212.0,-90.0,-1303.0,1.0785619174434087
TORNTPHARM,16,2016,Mar 2016,2742.0,-869.0,-1435.0,437.0,1873.0,1.5822273514137335
TORNTPHARM,19,2017,Mar 2017,1009.0,-798.0,-193.0,18.0,211.0,1.0802997858672376
TORNTPHARM,22,2018,Mar 2018,894.0,-4677.0,3417.0,-366.0,-3783.0,1.3185840707964602
TORNTPHARM,25,2019,Mar 2019,1798.0,-246.0,-1314.0,238.0,1552.0,4.123853211009174
TORNTPHARM,28,2020,Mar 2020,1393.0,229.0,-1549.0,73.0,1622.0,1.3590243902439025
TORNTPHARM,31,2021,Mar 2021,2005.0,-444.0,-1651.0,-89.0,1561.0,1.601437699680511
TORNTPHARM,34,2022,Mar 2022,1803.0,-196.0,-1781.0,-174.0,1607.0,2.3204633204633205
TORNTPHARM,37,2023,Mar 2023,2368.0,-2335.0,77.0,110.0,33.0,1.902008032128514
TORNTPHARM,40,2024,Mar 2024,3266.0,-160.0,-2780.0,327.0,3106.0,1.9722222222222223
TRENT,5,2013,Mar 2013,31.0,-276.0,147.0,-97.0,-245.0,-1.1481481481481481
TRENT,8,2014,Mar 2014,-46.0,-48.0,-50.0,-145.0,-94.0,2.4210526315789473
TRENT,12,2015,Mar 2015,-10.0,-306.0,310.0,-6.0,-316.0,-0.07751937984496124
TRENT,16,2016,Mar 2016,109.0,-98.0,-13.0,-2.0,11.0,1.981818181818182
TRENT,19,2017,Mar 2017,102.0,-44.0,-51.0,7.0,58.0,1.2
TRENT,22,2018,Mar 2018,77.0,-4.0,-74.0,-1.0,73.0,0.8850574712643678
TRENT,25,2019,Mar 2019,21.0,-37.0,37.0,21.0,-16.0,0.22105263157894736
TRENT,28,2020,Mar 2020,361.0,-809.0,452.0,5.0,-448.0,3.4056603773584904
TRENT,31,2021,Mar 2021,285.0,18.0,-283.0,20.0,303.0,-1.574585635359116
TRENT,34,2022,Mar 2022,58.0,56.0,-108.0,6.0,114.0,1.6571428571428573
TRENT,37,2023,Mar 2023,595.0,-103.0,-491.0,1.0,492.0,1.5101522842639594
TRENT,40,2024,Mar 2024,1349.0,-508.0,-629.0,211.0,841.0,0.913337846987136
TVSMOTOR,5,2013,Mar 2013,464.0,-120.0,-402.0,-58.0,344.0,2.3434343434343434
TVSMOTOR,8,2014,Mar 2014,470.0,-235.0,-216.0,19.0,235.0,2.513368983957219
TVSMOTOR,12,2015,Mar 2015,83.0,-415.0,261.0,-71.0,-332.0,0.2530487804878049
TVSMOTOR,16,2016,Mar 2016,936.0,-605.0,-319.0,12.0,331.0,2.1818181818181817
TVSMOTOR,19,2017,Mar 2017,689.0,-709.0,-59.0,-79.0,-20.0,1.3536345776031433
TVSMOTOR,22,2018,Mar 2018,354.0,-1095.0,897.0,156.0,-741.0,0.5323308270676692
TVSMOTOR,25,2019,Mar 2019,-918.0,-1104.0,2210.0,188.0,-2022.0,-1.2662068965517241
TVSMOTOR,28,2020,Mar 2020,373.0,-1090.0,1619.0,902.0,-717.0,0.5765069551777434
TVSMOTOR,31,2021,Mar 2021,1151.0,-882.0,264.0,532.0,269.0,1.893092105263158
TVSMOTOR,34,2022,Mar 2022,-1575.0,-1471.0,2918.0,532.0,-3046.0,-2.1545827633378933
TVSMOTOR,37,2023,Mar 2023,-4405.0,-1308.0,6118.0,406.0,-5713.0,-3.3651642475171886
TVSMOTOR,40,2024,Mar 2024,-1253.0,-1001.0,2759.0,505.0,-2254.0,-0.7043282743114109
ULTRACEMCO,5,2013,Mar 2013,3618.0,-4362.0,715.0,-30.0,-744.0,1.3459821428571428
ULTRACEMCO,8,2014,Mar 2014,3455.0,-2342.0,-949.0,164.0,1113.0,1.561229100768188
ULTRACEMCO,12,2015,Mar 2015,4190.0,-2144.0,-2110.0,-63.0,2046.0,1.9933396764985727
ULTRACEMCO,16,2016,Mar 2016,4526.0,-3673.0,-844.0,8.0,853.0,1.825
ULTRACEMCO,19,2017,Mar 2017,5005.0,-2501.0,-2535.0,-31.0,2504.0,1.844141488577745
ULTRACEMCO,22,2018,Mar 2018,3888.0,1866.0,-5735.0,18.0,5754.0,1.7482014388489209
ULTRACEMCO,25,2019,Mar 2019,5956.0,1165.0,-6757.0,364.0,7121.0,2.4816666666666665
ULTRACEMCO,28,2020,Mar 2020,8972.0,-4192.0,-5076.0,-295.0,4780.0,1.560076508433316
ULTRACEMCO,31,2021,Mar 2021,12500.0,-8856.0,-4356.0,-712.0,3644.0,2.288538996704504
ULTRACEMCO,34,2022,Mar 2022,9283.0,2257.0,-12498.0,-958.0,11540.0,1.2657485683119716
ULTRACEMCO,37,2023,Mar 2023,9069.0,-7188.0,-1631.0,250.0,1881.0,1.787699586043761
ULTRACEMCO,40,2024,Mar 2024,10898.0,-8789.0,-1926.0,183.0,2109.0,1.5559680182752713
UNIONBANK,5,2013,Mar 2013,-4245.0,-343.0,5096.0,507.0,-4588.0,-1.978098788443616
UNIONBANK,8,2014,Mar 2014,2570.0,-363.0,4902.0,7109.0,2207.0,1.5234143449911084
UNIONBANK,12,2015,Mar 2015,-3567.0,-318.0,3168.0,-718.0,-3885.0,-2.0141163184641444
UNIONBANK,16,2016,Mar 2016,81.0,-9.0,-2.0,70.0,72.0,0.060133630289532294
UNIONBANK,19,2017,Mar 2017,-6624.0,-280.0,10194.0,3289.0,-6904.0,-11.56020942408377
UNIONBANK,22,2018,Mar 2018,6097.0,-315.0,10792.0,16574.0,5782.0,-1.169800460475825
UNIONBANK,25,2019,Mar 2019,-7778.0,-297.0,1758.0,-6317.0,-8075.0,2.6618754277891856
UNIONBANK,28,2020,Mar 2020,-77.0,-4.0,201.0,121.0,-81.0,0.024671579621916052
UNIONBANK,31,2021,Mar 2021,20527.0,-601.0,-18861.0,1066.0,19926.0,7.169752008382815
UNIONBANK,34,2022,Mar 2022,36339.0,-558.0,-786.0,34995.0,35781.0,6.901994301994302
UNIONBANK,37,2023,Mar 2023,6056.0,-2561.0,-10654.0,-7159.0,3495.0,0.7114661654135338
UNIONBANK,40,2024,Mar 2024,19930.0,-1394.0,-11489.0,7047.0,18536.0,1.4445169239689788
UNITDSPR,5,2013,Mar 2013,1969.0,-1121.0,-992.0,-145.0,848.0,-18.752380952380953
UNITDSPR,8,2014,Mar 2014,-552.0,-252.0,1235.0,431.0,-804.0,0.12296725328580976
UNITDSPR,12,2015,Mar 2015,-196.0,3855.0,-4002.0,-343.0,3659.0,0.11618257261410789
UNITDSPR,16,2016,Mar 2016,283.0,733.0,-1155.0,-139.0,1016.0,1.979020979020979
UNITDSPR,19,2017,Mar 2017,647.0,-227.0,-475.0,-56.0,420.0,6.956989247311828
UNITDSPR,22,2018,Mar 2018,925.0,104.0,-966.0,63.0,1029.0,1.4187116564417177
UNITDSPR,25,2019,Mar 2019,948.0,-66.0,-808.0,74.0,882.0,1.3859649122807018
UNITDSPR,28,2020,Mar 2020,783.0,-194.0,-740.0,-150.0,589.0,1.2608695652173914
UNITDSPR,31,2021,Mar 2021,1818.0,-99.0,-1707.0,12.0,1719.0,5.0220994475138125
UNITDSPR,34,2022,Mar 2022,977.0,-313.0,-688.0,-23.0,664.0,1.2046855733662145
UNITDSPR,37,2023,Mar 2023,615.0,-55.0,-500.0,60.0,560.0,0.5461811722912966
UNITDSPR,40,2024,Mar 2024,1118.0,226.0,-407.0,937.0,1344.0,0.7940340909090909
VBL,4,2012,Dec 2012,280.0,-507.0,229.0,3.0,-227.0,11.2
VBL,7,2013,Dec 2013,297.0,-574.0,274.0,-2.0,-277.0,-7.425
VBL,11,2014,Dec 2014,431.0,-500.0,58.0,-11.0,-69.0,-21.55
VBL,15,2015,Dec 2015,555.0,-300.0,-236.0,19.0,255.0,4.911504424778761
VBL,18,2016,Dec 2016,826.0,-1048.0,230.0,8.0,-222.0,17.208333333333332
VBL,21,2017,Dec 2017,620.0,-746.0,159.0,32.0,-126.0,2.897196261682243
VBL,24,2018,Dec 2018,1000.0,-937.0,-84.0,-22.0,63.0,3.3333333333333335
VBL,27,2019,Dec 2019,1308.0,-2320.0,1107.0,95.0,-1012.0,2.7711864406779663
VBL,30,2020,Dec 2020,1012.0,-472.0,-574.0,-33.0,540.0,2.834733893557423
VBL,33,2021,Dec 2021,1231.0,-1008.0,-178.0,46.0,223.0,1.6501340482573728
VBL,36,2022,Dec 2022,1790.0,-1769.0,-18.0,4.0,21.0,1.1548387096774193
VBL,39,2023,Dec 2023,2391.0,-3288.0,985.0,88.0,-897.0,1.137488106565176
VEDL,5,2013,Mar 2013,22.0,-311.0,238.0,-51.0,-289.0,0.009649122807017544
VEDL,8,2014,Mar 2014,15601.0,-2890.0,-5052.0,7659.0,12711.0,1.3659924700113826
VEDL,12,2015,Mar 2015,17805.0,-4133.0,-13956.0,-284.0,13672.0,-1.5661008004222008
VEDL,16,2016,Mar 2016,20377.0,-7868.0,-11303.0,1206.0,12509.0,-1.140801701937073
VEDL,19,2017,Mar 2017,18083.0,2681.0,-12425.0,8339.0,20764.0,1.5980028278543654
VEDL,22,2018,Mar 2018,17366.0,15480.0,-39255.0,-6409.0,32846.0,1.268331872626351
VEDL,25,2019,Mar 2019,23754.0,-10594.0,-10242.0,2918.0,13160.0,2.4493710043307897
VEDL,28,2020,Mar 2020,19300.0,-5925.0,-15547.0,-2172.0,13375.0,-4.068296795952782
VEDL,31,2021,Mar 2021,23980.0,-6678.0,-17565.0,-263.0,17302.0,1.5952634379989357
VEDL,34,2022,Mar 2022,34963.0,-2243.0,-28903.0,3817.0,32720.0,1.4746098692534795
VEDL,37,2023,Mar 2023,33065.0,-668.0,-34142.0,-1745.0,32397.0,2.279873129697304
VEDL,40,2024,Mar 2024,35654.0,-13676.0,-26092.0,-4114.0,21978.0,4.729274439580847
WIPRO,5,2013,Mar 2013,6394.0,-4536.0,-1140.0,717.0,1858.0,1.034293109026205
WIPRO,8,2014,Mar 2014,6790.0,-284.0,-3570.0,2936.0,6506.0,0.8497059191590539
WIPRO,12,2015,Mar 2015,7840.0,-2537.0,-830.0,4474.0,5303.0,0.8997016295616249
WIPRO,16,2016,Mar 2016,7887.0,-13761.0,-159.0,-6032.0,-5874.0,0.8805403594953668
WIPRO,19,2017,Mar 2017,9277.0,-11770.0,-2275.0,-4767.0,-2493.0,1.0891054238084057
WIPRO,22,2018,Mar 2018,8423.0,3595.0,-12998.0,-979.0,12018.0,1.052480319880045
WIPRO,25,2019,Mar 2019,11632.0,5065.0,-4937.0,11760.0,16697.0,1.2898647150144156
WIPRO,28,2020,Mar 2020,10064.0,3593.0,-15100.0,-1442.0,13657.0,1.0298812934916086
WIPRO,31,2021,Mar 2021,14755.0,685.0,-12884.0,2556.0,15440.0,1.3576555023923444
WIPRO,34,2022,Mar 2022,11080.0,-22321.0,4659.0,-6583.0,-11241.0,0.9050069427427918
WIPRO,37,2023,Mar 2023,13060.0,-8169.0,-6088.0,-1197.0,4891.0,1.1490409994721098
WIPRO,40,2024,Mar 2024,17622.0,1144.0,-18257.0,509.0,18766.0,1.58585313174946
ZOMATO,28,2020,Mar 2020,-2144.0,1740.0,359.0,-45.0,-404.0,0.8985750209555742
ZOMATO,31,2021,Mar 2021,-1018.0,-5245.0,6402.0,139.0,-6263.0,1.2475490196078431
ZOMATO,34,2022,Mar 2022,-693.0,-7971.0,8750.0,86.0,-8664.0,0.5671031096563012
ZOMATO,37,2023,Mar 2023,-844.0,797.0,-127.0,-174.0,-47.0,0.8692070030895983
ZOMATO,40,2024,Mar 2024,646.0,-348.0,-207.0,91.0,298.0,1.8404558404558404
ZYDUSLIFE,5,2013,Mar 2013,603.0,-682.0,286.0,207.0,-79.0,0.8739130434782608
ZYDUSLIFE,8,2014,Mar 2014,903.0,-438.0,-529.0,-64.0,465.0,1.0801435406698565
ZYDUSLIFE,12,2015,Mar 2015,994.0,-465.0,-351.0,178.0,529.0,0.8367003367003367
ZYDUSLIFE,16,2016,Mar 2016,1894.0,-860.0,-935.0,99.0,1034.0,0.9643584521384929
ZYDUSLIFE,19,2017,Mar 2017,1312.0,-2872.0,2316.0,756.0,-1560.0,0.8648648648648649
ZYDUSLIFE,22,2018,Mar 2018,919.0,-974.0,52.0,-3.0,-55.0,0.5077348066298343
ZYDUSLIFE,25,2019,Mar 2019,1282.0,-3977.0,1885.0,-811.0,-2695.0,0.6750921537651395
ZYDUSLIFE,28,2020,Mar 2020,2932.0,-1004.0,-1528.0,399.0,1928.0,2.435215946843854
ZYDUSLIFE,31,2021,Mar 2021,3294.0,-837.0,-2548.0,-90.0,2457.0,1.5075514874141875
ZYDUSLIFE,34,2022,Mar 2022,2104.0,-1018.0,-868.0,219.0,1086.0,0.4556084885231702
ZYDUSLIFE,37,2023,Mar 2023,2689.0,1542.0,-4400.0,-170.0,4231.0,1.2853728489483747
ZYDUSLIFE,40,2024,Mar 2024,3228.0,-1492.0,-1810.0,-75.0,1736.0,0.8124842688144979
